object_id,class_id,class_name,area_m2,area_ft2,file
0,2,House,102.85945225719999,1107.168858151275,1007_jpg.rf.490184a726df05072d8c86d6b746b22a.jpg
1,2,House,151.6072601521,1631.885387551189,1007_jpg.rf.490184a726df05072d8c86d6b746b22a.jpg
3,1,Garage,38.848374414625,418.160017361582,1007_jpg.rf.490184a726df05072d8c86d6b746b22a.jpg
