object_id,class_id,class_name,area_m2,area_ft2,file
0,2,House,218.458016124475,2351.460239762236,1029_jpg.rf.8c4cf611c6436d0457e606e76efd2651.jpg
2,2,House,124.3147981268,1338.1120555570624,1029_jpg.rf.8c4cf611c6436d0457e606e76efd2651.jpg
