object_id,class_id,class_name,area_m2,area_ft2,file
0,2,House,42.555731972974996,458.0656433839055,13_jpg.rf.8456888b0d094a97c0e23c9d64916bfe.jpg
2,2,House,156.379497009125,1683.2532678565206,13_jpg.rf.8456888b0d094a97c0e23c9d64916bfe.jpg
5,2,House,159.21917513892498,1713.8192792778746,13_jpg.rf.8456888b0d094a97c0e23c9d64916bfe.jpg
6,2,House,151.84389999625,1634.4325551696354,13_jpg.rf.8456888b0d094a97c0e23c9d64916bfe.jpg
8,2,House,157.483816281825,1695.140050075936,13_jpg.rf.8456888b0d094a97c0e23c9d64916bfe.jpg
