object_id,class_id,class_name,area_m2,area_ft2,file
1,2,House,157.52325625585,1695.5645780123436,161_jpg.rf.b807574cff2b4f9808cda93c6776992d.jpg
2,2,House,152.514379554675,1641.6495300885663,161_jpg.rf.b807574cff2b4f9808cda93c6776992d.jpg
5,2,House,152.31717968454998,1639.5268904065274,161_jpg.rf.b807574cff2b4f9808cda93c6776992d.jpg
6,2,House,149.55638150279998,1609.8099348579885,161_jpg.rf.b807574cff2b4f9808cda93c6776992d.jpg
