object_id,class_id,class_name,area_m2,area_ft2,file
0,2,House,156.26117708705,1681.9796840472973,164_jpg.rf.4247243a052c0339237b0583a2879242.jpg
