object_id,class_id,class_name,area_m2,area_ft2,file
0,2,House,123.80207846447499,1332.5931923837622,165_jpg.rf.1061b5faa6504b5d64d3e11e6f51b16a.jpg
3,2,House,145.967343866525,1571.1778926448883,165_jpg.rf.1061b5faa6504b5d64d3e11e6f51b16a.jpg
