object_id,class_id,class_name,area_m2,area_ft2,file
0,2,House,152.356619658575,1639.9514183429353,1_png.rf.9d5cc49690cfaf5e226db60b7a1c6dd2.jpg
1,2,House,185.9989175019,2002.0737480987013,1_png.rf.9d5cc49690cfaf5e226db60b7a1c6dd2.jpg
2,2,House,66.96907589445,720.8484360202704,1_png.rf.9d5cc49690cfaf5e226db60b7a1c6dd2.jpg
3,1,Garage,33.169018155025,357.0279945188736,1_png.rf.9d5cc49690cfaf5e226db60b7a1c6dd2.jpg
4,1,Garage,38.020134960099995,409.2449306970203,1_png.rf.9d5cc49690cfaf5e226db60b7a1c6dd2.jpg
