object_id,class_id,class_name,area_m2,area_ft2,file
0,2,House,310.037635810525,3337.21410810091,21_png.rf.1edf3fe585c21cfeff36e8dabb380097.jpg
1,1,Garage,28.278461375924998,304.38653040431905,21_png.rf.1edf3fe585c21cfeff36e8dabb380097.jpg
3,1,Garage,201.34106739762498,2167.2151153612954,21_png.rf.1edf3fe585c21cfeff36e8dabb380097.jpg
