object_id,class_id,class_name,area_m2,area_ft2,file
0,2,House,161.033413944075,1733.3475643526288,220_jpg.rf.4dd068d5066bf8c6b8f9504676d23096.jpg
1,2,House,134.92415113952498,1452.3100704507328,220_jpg.rf.4dd068d5066bf8c6b8f9504676d23096.jpg
5,2,House,146.5589434769,1577.5458116910038,220_jpg.rf.4dd068d5066bf8c6b8f9504676d23096.jpg
6,1,Garage,79.550427608425,856.2728477343258,220_jpg.rf.4dd068d5066bf8c6b8f9504676d23096.jpg
7,2,House,282.03525425277496,3035.7992732514444,220_jpg.rf.4dd068d5066bf8c6b8f9504676d23096.jpg
8,1,Garage,100.0197741274,1076.6028467299209,220_jpg.rf.4dd068d5066bf8c6b8f9504676d23096.jpg
9,2,House,105.5413704909,1136.0367578269984,220_jpg.rf.4dd068d5066bf8c6b8f9504676d23096.jpg
