object_id,class_id,class_name,area_m2,area_ft2,file
0,2,House,131.88727313959998,1419.6214193473402,221_jpg.rf.bf72f0a916900e4e272271700f89e992.jpg
3,2,House,166.67333022965,1794.0550592589295,221_jpg.rf.bf72f0a916900e4e272271700f89e992.jpg
4,2,House,140.761267295225,1515.1402050390723,221_jpg.rf.bf72f0a916900e4e272271700f89e992.jpg
5,2,House,125.300797477425,1348.7252539672547,221_jpg.rf.bf72f0a916900e4e272271700f89e992.jpg
9,2,House,128.377115451375,1381.8384330070553,221_jpg.rf.bf72f0a916900e4e272271700f89e992.jpg
10,2,House,123.95983836057499,1334.2913041293932,221_jpg.rf.bf72f0a916900e4e272271700f89e992.jpg
