object_id,class_id,class_name,area_m2,area_ft2,file
0,2,House,169.5918883075,1825.4701265530991,222_jpg.rf.2101a5f9d4a1b8cd43b19a1d6e55f779.jpg
3,2,House,154.565258203975,1663.7249827817664,222_jpg.rf.2101a5f9d4a1b8cd43b19a1d6e55f779.jpg
4,2,House,162.689892853125,1751.1777376817522,222_jpg.rf.2101a5f9d4a1b8cd43b19a1d6e55f779.jpg
7,2,House,123.09215893202499,1324.9516895284237,222_jpg.rf.2101a5f9d4a1b8cd43b19a1d6e55f779.jpg
8,2,House,145.84902394444998,1569.904308835665,222_jpg.rf.2101a5f9d4a1b8cd43b19a1d6e55f779.jpg
