object_id,class_id,class_name,area_m2,area_ft2,file
1,2,House,143.364305580875,1543.1590488419804,234_jpg.rf.910b649343501baaa80af71449289927.jpg
2,2,House,120.17360085417499,1293.536622234254,234_jpg.rf.910b649343501baaa80af71449289927.jpg
5,2,House,140.406307529,1511.319453611403,234_jpg.rf.910b649343501baaa80af71449289927.jpg
7,2,House,139.893587866675,1505.800590438103,234_jpg.rf.910b649343501baaa80af71449289927.jpg
8,2,House,136.38343017845,1468.0176040978179,234_jpg.rf.910b649343501baaa80af71449289927.jpg
11,2,House,145.37574425615,1564.809973598773,234_jpg.rf.910b649343501baaa80af71449289927.jpg
