object_id,class_id,class_name,area_m2,area_ft2,file
0,2,House,147.62382277557498,1589.0080659740115,242_jpg.rf.92db694a85b1fbfe90a2fbbdc2608948.jpg
