object_id,class_id,class_name,area_m2,area_ft2,file
0,2,House,132.75495256815,1428.9610339483097,295_jpg.rf.30687cc385a6f5bb9d958e3633759511.jpg
