object_id,class_id,class_name,area_m2,area_ft2,file
4,2,House,139.9330278407,1506.2251183745107,298_jpg.rf.963bafd53d0f74a73d58dc9a289c3f92.jpg
5,2,House,195.07011152765,2099.7151734724716,298_jpg.rf.963bafd53d0f74a73d58dc9a289c3f92.jpg
6,1,Garage,57.424602180399994,618.1126754096075,298_jpg.rf.963bafd53d0f74a73d58dc9a289c3f92.jpg
8,2,House,139.262548282275,1499.0081434555798,298_jpg.rf.963bafd53d0f74a73d58dc9a289c3f92.jpg
