object_id,class_id,class_name,area_m2,area_ft2,file
0,2,House,24.452783895499998,263.2073205727724,311_jpg.rf.55f274b94f3153644c7bf96475edc0b4.jpg
1,2,House,133.031032386325,1431.9327295031635,311_jpg.rf.55f274b94f3153644c7bf96475edc0b4.jpg
4,2,House,132.12391298375,1422.1685869657865,311_jpg.rf.55f274b94f3153644c7bf96475edc0b4.jpg
5,2,House,133.70151194475,1439.1497044220944,311_jpg.rf.55f274b94f3153644c7bf96475edc0b4.jpg
7,2,House,127.86439578905,1376.3195698337552,311_jpg.rf.55f274b94f3153644c7bf96475edc0b4.jpg
