object_id,class_id,class_name,area_m2,area_ft2,file
1,2,House,143.206545684775,1541.4609370963494,318_jpg.rf.938b53aa1267001e8493c57f6ad198fe.jpg
3,2,House,147.89990259375,1591.9797615288655,318_jpg.rf.938b53aa1267001e8493c57f6ad198fe.jpg
4,2,House,157.99653594415,1700.658913249236,318_jpg.rf.938b53aa1267001e8493c57f6ad198fe.jpg
7,2,House,153.382058983225,1650.9891446895354,318_jpg.rf.938b53aa1267001e8493c57f6ad198fe.jpg
9,2,House,166.04229064524998,1787.2626122764061,318_jpg.rf.938b53aa1267001e8493c57f6ad198fe.jpg
10,2,House,155.2357377624,1670.9419577006972,318_jpg.rf.938b53aa1267001e8493c57f6ad198fe.jpg
