object_id,class_id,class_name,area_m2,area_ft2,file
0,2,House,131.33511350325,1413.6780282376326,347_jpg.rf.92c8cd2f4e5ef88b631b609a6ce1fad6.jpg
2,2,House,241.13600118884997,2595.5638031966623,347_jpg.rf.92c8cd2f4e5ef88b631b609a6ce1fad6.jpg
3,1,Garage,132.3605528279,1424.7157545842326,347_jpg.rf.92c8cd2f4e5ef88b631b609a6ce1fad6.jpg
