object_id,class_id,class_name,area_m2,area_ft2,file
0,2,House,117.76776243865,1267.6404181133846,373_jpg.rf.15ed716ab28b6e60bdd1dce837bf5331.jpg
3,2,House,110.2741673739,1186.9801101959222,373_jpg.rf.15ed716ab28b6e60bdd1dce837bf5331.jpg
4,2,House,117.728322464625,1267.215890176977,373_jpg.rf.15ed716ab28b6e60bdd1dce837bf5331.jpg
5,2,House,68.07339516715,732.7352182396858,373_jpg.rf.15ed716ab28b6e60bdd1dce837bf5331.jpg
