object_id,class_id,class_name,area_m2,area_ft2,file
0,2,House,164.740771502425,1773.2531903749523,3_png.rf.470f5bc536da5caaabbdf32d57bb05f1.jpg
1,2,House,129.481434724075,1393.725215226471,3_png.rf.470f5bc536da5caaabbdf32d57bb05f1.jpg
2,2,House,149.00422186645,1603.866543748281,3_png.rf.470f5bc536da5caaabbdf32d57bb05f1.jpg
