object_id,class_id,class_name,area_m2,area_ft2,file
0,2,House,204.7723451378,2204.1490458287653,41_png.rf.f661748aa6852145b827a1e5671fca41.jpg
1,2,House,87.2412225433,939.0557953338268,41_png.rf.f661748aa6852145b827a1e5671fca41.jpg
2,2,House,186.984916852525,2012.6869465088937,41_png.rf.f661748aa6852145b827a1e5671fca41.jpg
3,2,House,158.824775398675,1709.5739999137977,41_png.rf.f661748aa6852145b827a1e5671fca41.jpg
4,2,House,85.8213834784,923.7727896231496,41_png.rf.f661748aa6852145b827a1e5671fca41.jpg
5,2,House,165.37181108682498,1780.0456373574752,41_png.rf.f661748aa6852145b827a1e5671fca41.jpg
6,1,Garage,76.474109634475,823.1596686945254,41_png.rf.f661748aa6852145b827a1e5671fca41.jpg
7,2,House,549.122758350075,5910.702458604372,41_png.rf.f661748aa6852145b827a1e5671fca41.jpg
