object_id,class_id,class_name,area_m2,area_ft2,file
0,2,House,202.95810633264998,2184.620760754011,451_jpg.rf.4dbc48e9405650a1a27c479a08b877c8.jpg
2,1,Garage,301.51860142112497,3245.5160738368468,451_jpg.rf.4dbc48e9405650a1a27c479a08b877c8.jpg
3,1,Garage,69.848193998275,751.8389753780322,451_jpg.rf.4dbc48e9405650a1a27c479a08b877c8.jpg
