object_id,class_id,class_name,area_m2,area_ft2,file
0,2,House,173.41756578792499,1866.6493363846457,502_jpg.rf.13868652ea3008859a5761faf0266cea.jpg
