object_id,class_id,class_name,area_m2,area_ft2,file
0,1,Garage,413.64644757419995,4452.448997043931,512_jpg.rf.0adac6ab820bcb7ba97c107f126ae9b6.jpg
5,2,House,211.20106090387497,2273.34709946322,512_jpg.rf.0adac6ab820bcb7ba97c107f126ae9b6.jpg
6,1,Garage,24.53166384355,264.05637644558783,512_jpg.rf.0adac6ab820bcb7ba97c107f126ae9b6.jpg
7,2,House,68.664994777525,739.1031372858013,512_jpg.rf.0adac6ab820bcb7ba97c107f126ae9b6.jpg
