object_id,class_id,class_name,area_m2,area_ft2,file
0,2,House,175.9022841515,1893.3945963783308,52_png.rf.6ac89444e8c88f628f4482d052def932.jpg
1,1,Garage,61.092519764725,657.5937734955234,52_png.rf.6ac89444e8c88f628f4482d052def932.jpg
2,2,House,116.545123243875,1254.480052084746,52_png.rf.6ac89444e8c88f628f4482d052def932.jpg
3,2,House,354.762566354875,3818.628787987239,52_png.rf.6ac89444e8c88f628f4482d052def932.jpg
4,2,House,209.0318623325,2249.9980629607967,52_png.rf.6ac89444e8c88f628f4482d052def932.jpg
5,1,Garage,187.2609966707,2015.6586420637475,52_png.rf.6ac89444e8c88f628f4482d052def932.jpg
6,1,Garage,142.85158591855,1537.6401856686803,52_png.rf.6ac89444e8c88f628f4482d052def932.jpg
