object_id,class_id,class_name,area_m2,area_ft2,file
0,2,House,128.69263524357498,1385.2346564983168,568_jpg.rf.33d1ca37352f6853c2ce4e6bf1a84efa.jpg
1,2,House,165.76621082707499,1784.2909167215523,568_jpg.rf.33d1ca37352f6853c2ce4e6bf1a84efa.jpg
