object_id,class_id,class_name,area_m2,area_ft2,file
0,2,House,48.787247868925,525.1410573363218,581_jpg.rf.a55edcb8349cc6d7458ca1ee352a5478.jpg
1,2,House,199.01410893015,2142.1679671132415,581_jpg.rf.a55edcb8349cc6d7458ca1ee352a5478.jpg
2,1,Garage,228.04192981255,2454.620528309307,581_jpg.rf.a55edcb8349cc6d7458ca1ee352a5478.jpg
