object_id,class_id,class_name,area_m2,area_ft2,file
0,2,House,90.19922059517499,970.895390564404,589_jpg.rf.8056bc1ccc3fae1a73e5deb820fb0505.jpg
1,2,House,79.23490781622499,852.8766242430642,589_jpg.rf.8056bc1ccc3fae1a73e5deb820fb0505.jpg
5,2,House,219.01017576082498,2357.4036308719437,589_jpg.rf.8056bc1ccc3fae1a73e5deb820fb0505.jpg
6,2,House,204.338505423525,2199.479238528281,589_jpg.rf.8056bc1ccc3fae1a73e5deb820fb0505.jpg
