object_id,class_id,class_name,area_m2,area_ft2,file
0,2,House,419.91740344417497,4519.948938932755,60_png.rf.f4633367f45ed362f5f638a3c1175d86.jpg
1,2,House,241.8459207213,2603.2053060520007,60_png.rf.f4633367f45ed362f5f638a3c1175d86.jpg
2,1,Garage,46.499729375475,500.51843702467534,60_png.rf.f4633367f45ed362f5f638a3c1175d86.jpg
3,1,Garage,21.889185583874998,235.61300470627208,60_png.rf.f4633367f45ed362f5f638a3c1175d86.jpg
5,2,House,395.622379444775,4258.439730105613,60_png.rf.f4633367f45ed362f5f638a3c1175d86.jpg
