object_id,class_id,class_name,area_m2,area_ft2,file
0,2,House,103.8060116338,1117.3575286250598,618_jpg.rf.275a30abb6e37100dadb8797fe54a25c.jpg
1,1,Garage,96.194096646975,1035.423636898374,618_jpg.rf.275a30abb6e37100dadb8797fe54a25c.jpg
