object_id,class_id,class_name,area_m2,area_ft2,file
0,2,House,338.5527370306,3644.147806123675,61_png.rf.26ed6ef8f2b2137e8c4338aa61404da1.jpg
1,1,Garage,137.763829269325,1482.876081872087,61_png.rf.26ed6ef8f2b2137e8c4338aa61404da1.jpg
