object_id,class_id,class_name,area_m2,area_ft2,file
2,1,Garage,41.688052544425,448.7260287829362,623_jpg.rf.c0495fd29a17e0825b1c8fa56d9ee3fc.jpg
3,2,House,111.45736659465,1199.715948288153,623_jpg.rf.c0495fd29a17e0825b1c8fa56d9ee3fc.jpg
