object_id,class_id,class_name,area_m2,area_ft2,file
0,2,House,297.49572407057497,3202.2142243232615,63_png.rf.6f8e7950e3d6bf6d4629dbc382addeef.jpg
1,1,Garage,242.1614405135,2606.6015295432626,63_png.rf.6f8e7950e3d6bf6d4629dbc382addeef.jpg
