object_id,class_id,class_name,area_m2,area_ft2,file
0,2,House,194.162992125075,2089.9510309350944,65_png.rf.35c650240b90c4a4281649fdb24d2c1a.jpg
1,1,Garage,59.120521063474996,636.3673766751385,65_png.rf.35c650240b90c4a4281649fdb24d2c1a.jpg
2,1,Garage,55.255403609024995,594.7636389071841,65_png.rf.35c650240b90c4a4281649fdb24d2c1a.jpg
3,2,House,105.93577023114999,1140.2820371910752,65_png.rf.35c650240b90c4a4281649fdb24d2c1a.jpg
4,1,Garage,204.81178511182497,2204.5735737651726,65_png.rf.35c650240b90c4a4281649fdb24d2c1a.jpg
