object_id,class_id,class_name,area_m2,area_ft2,file
0,2,House,15.973189480124999,171.93381424511747,672_jpg.rf.1ec9fc61a39300cedeb69dbd2b8f4d99.jpg
1,1,Garage,48.905567790999996,526.4146411455448,672_jpg.rf.1ec9fc61a39300cedeb69dbd2b8f4d99.jpg
