object_id,class_id,class_name,area_m2,area_ft2,file
0,1,Garage,44.409410752149995,478.0184563950673,688_jpg.rf.cda96e0ac738028c1895138fb567299f.jpg
1,2,House,141.23454698352498,1520.2345402759645,688_jpg.rf.cda96e0ac738028c1895138fb567299f.jpg
