object_id,class_id,class_name,area_m2,area_ft2,file
0,2,House,259.869988850725,2797.2145729903186,6_png.rf.eb2cd688ebcb8a800057b7d507fa5ddc.jpg
2,2,House,236.442644279875,2545.0449787641464,6_png.rf.eb2cd688ebcb8a800057b7d507fa5ddc.jpg
