object_id,class_id,class_name,area_m2,area_ft2,file
8,1,Garage,207.57258329357498,2234.2905293137114,713_jpg.rf.e9f6b64dcd9970df17fa02c6a841ce5f.jpg
9,1,Garage,256.47815108457496,2760.7051704592564,713_jpg.rf.e9f6b64dcd9970df17fa02c6a841ce5f.jpg
