object_id,class_id,class_name,area_m2,area_ft2,file
1,2,House,171.208927242525,1842.8757719458147,723_jpg.rf.67e79f6706b9f8aab1ed08922d4d3fae.jpg
4,2,House,180.24068129424998,1940.0926693831773,723_jpg.rf.67e79f6706b9f8aab1ed08922d4d3fae.jpg
5,1,Garage,137.053909736875,1475.2345790167487,723_jpg.rf.67e79f6706b9f8aab1ed08922d4d3fae.jpg
6,1,Garage,61.960199193274995,666.9333880964926,723_jpg.rf.67e79f6706b9f8aab1ed08922d4d3fae.jpg
