object_id,class_id,class_name,area_m2,area_ft2,file
0,2,House,172.51044638534998,1856.8851938472685,725_jpg.rf.531692ea9550c29f19a6a2f7a1f84a4b.jpg
1,1,Garage,187.49763651485,2018.2058096821938,725_jpg.rf.531692ea9550c29f19a6a2f7a1f84a4b.jpg
3,2,House,142.53606612635,1534.2439621774186,725_jpg.rf.531692ea9550c29f19a6a2f7a1f84a4b.jpg
4,2,House,133.81983186682498,1440.4232882313174,725_jpg.rf.531692ea9550c29f19a6a2f7a1f84a4b.jpg
6,2,House,131.65063329545,1417.0742517288943,725_jpg.rf.531692ea9550c29f19a6a2f7a1f84a4b.jpg
