object_id,class_id,class_name,area_m2,area_ft2,file
0,1,Garage,280.4970952658,3019.2426837315443,736_jpg.rf.f3954dcde7c590498224714b6e4c3659.jpg
1,2,House,233.681846098125,2515.3280232156076,736_jpg.rf.f3954dcde7c590498224714b6e4c3659.jpg
2,2,House,373.141594250525,4016.4588063532256,736_jpg.rf.f3954dcde7c590498224714b6e4c3659.jpg
3,2,House,160.5995742298,1728.6777570521442,736_jpg.rf.f3954dcde7c590498224714b6e4c3659.jpg
9,1,Garage,67.20571573859999,723.3956036387165,736_jpg.rf.f3954dcde7c590498224714b6e4c3659.jpg
