object_id,class_id,class_name,area_m2,area_ft2,file
0,2,House,83.84938477715,902.5463928027648,74_jpg.rf.b3ed97b8fb53ab5bd329e62f0454fdc1.jpg
1,2,House,134.49031142524998,1447.6402631502483,74_jpg.rf.b3ed97b8fb53ab5bd329e62f0454fdc1.jpg
2,2,House,121.23848015284999,1304.998876517262,74_jpg.rf.b3ed97b8fb53ab5bd329e62f0454fdc1.jpg
4,1,Garage,120.883520386625,1301.1781250895926,74_jpg.rf.b3ed97b8fb53ab5bd329e62f0454fdc1.jpg
