object_id,class_id,class_name,area_m2,area_ft2,file
0,2,House,45.19821023265,486.5090151232213,75_jpg.rf.bb288f71c4451d66c29154eeadc29cce.jpg
3,2,House,120.05528093209999,1292.263038425031,75_jpg.rf.bb288f71c4451d66c29154eeadc29cce.jpg
