object_id,class_id,class_name,area_m2,area_ft2,file
0,2,House,132.794392542175,1429.3855618847174,76_jpg.rf.3c42536773769ef88a7fc68f64ce2a51.jpg
