object_id,class_id,class_name,area_m2,area_ft2,file
0,2,House,269.729982356975,2903.3465570922426,789_jpg.rf.7be879d4f0f52f5e701a04a2854ccf8a.jpg
