object_id,class_id,class_name,area_m2,area_ft2,file
1,2,House,142.259986308175,1531.2722666225648,791_jpg.rf.bf7fa2fd1eee58eb9ce2f37c615e3ae7.jpg
2,2,House,152.277739710525,1639.10236247012,791_jpg.rf.bf7fa2fd1eee58eb9ce2f37c615e3ae7.jpg
5,2,House,137.80326924335,1483.300609808495,791_jpg.rf.bf7fa2fd1eee58eb9ce2f37c615e3ae7.jpg
6,2,House,142.102226412075,1529.574154876934,791_jpg.rf.bf7fa2fd1eee58eb9ce2f37c615e3ae7.jpg
8,2,House,142.7727059705,1536.791129795865,791_jpg.rf.bf7fa2fd1eee58eb9ce2f37c615e3ae7.jpg
9,2,House,130.86183381495,1408.5836930007401,791_jpg.rf.bf7fa2fd1eee58eb9ce2f37c615e3ae7.jpg
11,2,House,137.48774945115,1479.9043863172333,791_jpg.rf.bf7fa2fd1eee58eb9ce2f37c615e3ae7.jpg
