object_id,class_id,class_name,area_m2,area_ft2,file
0,2,House,140.95846716535,1517.2628447211107,792_jpg.rf.68ab46278650aef97dd627778ba637d9.jpg
4,2,House,77.184029166925,830.801171549864,792_jpg.rf.68ab46278650aef97dd627778ba637d9.jpg
6,2,House,140.01190778875,1507.074174247326,792_jpg.rf.68ab46278650aef97dd627778ba637d9.jpg
9,2,House,155.27517773642498,1671.3664856371047,792_jpg.rf.68ab46278650aef97dd627778ba637d9.jpg
10,2,House,128.455995399425,1382.6874888798707,792_jpg.rf.68ab46278650aef97dd627778ba637d9.jpg
13,2,House,175.468444437225,1888.724789077846,792_jpg.rf.68ab46278650aef97dd627778ba637d9.jpg
14,2,House,174.67964495672499,1880.234230349692,792_jpg.rf.68ab46278650aef97dd627778ba637d9.jpg
16,2,House,145.37574425615,1564.809973598773,792_jpg.rf.68ab46278650aef97dd627778ba637d9.jpg
18,2,House,168.40868908675,1812.7342884608684,792_jpg.rf.68ab46278650aef97dd627778ba637d9.jpg
