object_id,class_id,class_name,area_m2,area_ft2,file
0,2,House,447.80146507984995,4820.090189972997,7_png.rf.3ea371d460c397faf11ca14aa0a14b40.jpg
1,1,Garage,239.00624259149998,2572.6392946306464,7_png.rf.3ea371d460c397faf11ca14aa0a14b40.jpg
2,2,House,394.912459912325,4250.798227250275,7_png.rf.3ea371d460c397faf11ca14aa0a14b40.jpg
3,2,House,77.499548959125,834.1973950411254,7_png.rf.3ea371d460c397faf11ca14aa0a14b40.jpg
4,2,House,81.5618662837,877.9237724911184,7_png.rf.3ea371d460c397faf11ca14aa0a14b40.jpg
5,2,House,128.81095516565,1386.50824030754,7_png.rf.3ea371d460c397faf11ca14aa0a14b40.jpg
