object_id,class_id,class_name,area_m2,area_ft2,file
0,2,House,132.59719267205,1427.262922202679,850_jpg.rf.4c27251318335779c62a34635948b3ce.jpg
1,2,House,211.63490061815,2278.016906763705,850_jpg.rf.4c27251318335779c62a34635948b3ce.jpg
3,2,House,123.407678724225,1328.3479130196854,850_jpg.rf.4c27251318335779c62a34635948b3ce.jpg
4,1,Garage,75.606430205925,813.820054093556,850_jpg.rf.4c27251318335779c62a34635948b3ce.jpg
5,1,Garage,134.49031142524998,1447.6402631502483,850_jpg.rf.4c27251318335779c62a34635948b3ce.jpg
6,1,Garage,219.24681560497498,2359.9507984903903,850_jpg.rf.4c27251318335779c62a34635948b3ce.jpg
