object_id,class_id,class_name,area_m2,area_ft2,file
1,2,House,124.43311804887499,1339.3856393662854,854_jpg.rf.d79b68715276b381362143d13d437d42.jpg
2,2,House,77.46010898509999,833.7728671047178,854_jpg.rf.d79b68715276b381362143d13d437d42.jpg
4,2,House,129.79695451627498,1397.1214387177322,854_jpg.rf.d79b68715276b381362143d13d437d42.jpg
5,2,House,187.615956436925,2019.4793934914169,854_jpg.rf.d79b68715276b381362143d13d437d42.jpg
8,2,House,167.422689736125,1802.1210900506758,854_jpg.rf.d79b68715276b381362143d13d437d42.jpg
9,2,House,98.36329521834999,1058.7726734007974,854_jpg.rf.d79b68715276b381362143d13d437d42.jpg
12,2,House,164.7013315284,1772.8286624385448,854_jpg.rf.d79b68715276b381362143d13d437d42.jpg
13,2,House,118.04384225682499,1270.6121136682384,854_jpg.rf.d79b68715276b381362143d13d437d42.jpg
16,2,House,97.21953597162499,1046.461363244974,854_jpg.rf.d79b68715276b381362143d13d437d42.jpg
