object_id,class_id,class_name,area_m2,area_ft2,file
0,2,House,2.9974380258999997,32.26412316698501,86_jpg.rf.d9c81ed538c74dc4e28b4661eae5354b.jpg
1,2,House,143.40374555489998,1543.5835767783879,86_jpg.rf.d9c81ed538c74dc4e28b4661eae5354b.jpg
4,2,House,155.827337372775,1677.3098767468127,86_jpg.rf.d9c81ed538c74dc4e28b4661eae5354b.jpg
5,2,House,150.73958072354998,1622.5457729502195,86_jpg.rf.d9c81ed538c74dc4e28b4661eae5354b.jpg
8,2,House,152.8693393209,1645.4702815162354,86_jpg.rf.d9c81ed538c74dc4e28b4661eae5354b.jpg
9,2,House,91.97401942629999,989.9991477027504,86_jpg.rf.d9c81ed538c74dc4e28b4661eae5354b.jpg
10,2,House,137.64550934725,1481.6024980628642,86_jpg.rf.d9c81ed538c74dc4e28b4661eae5354b.jpg
