object_id,class_id,class_name,area_m2,area_ft2,file
0,2,House,110.629127140125,1190.8008616235913,888_jpg.rf.c1368e8b0c10952bc2f14ccce805efad.jpg
1,2,House,363.71544045855,3914.996629551786,888_jpg.rf.c1368e8b0c10952bc2f14ccce805efad.jpg
2,2,House,724.9067225795,7802.823471173479,888_jpg.rf.c1368e8b0c10952bc2f14ccce805efad.jpg
4,1,Garage,92.56561903667499,996.3670667488659,888_jpg.rf.c1368e8b0c10952bc2f14ccce805efad.jpg
5,2,House,58.2134016609,626.6032341377614,888_jpg.rf.c1368e8b0c10952bc2f14ccce805efad.jpg
6,2,House,235.22000508509998,2531.8846127355077,888_jpg.rf.c1368e8b0c10952bc2f14ccce805efad.jpg
7,1,Garage,20.74542633715,223.30169455044887,888_jpg.rf.c1368e8b0c10952bc2f14ccce805efad.jpg
