object_id,class_id,class_name,area_m2,area_ft2,file
1,2,House,137.5666293992,1480.7534421900489,897_jpg.rf.3e709657757456076886d7e3206a03e3.jpg
2,2,House,137.8821491914,1484.1496656813104,897_jpg.rf.3e709657757456076886d7e3206a03e3.jpg
4,2,House,85.3481037901,918.6784543862574,897_jpg.rf.3e709657757456076886d7e3206a03e3.jpg
5,2,House,162.84765274922498,1752.8758494273827,897_jpg.rf.3e709657757456076886d7e3206a03e3.jpg
