object_id,class_id,class_name,area_m2,area_ft2,file
0,2,House,284.5988525644,3063.393589117945,8_png.rf.495432f82a072c52ab4ed003c73bfc0d.jpg
1,1,Garage,88.73994155624999,955.1878569173192,8_png.rf.495432f82a072c52ab4ed003c73bfc0d.jpg
2,1,Garage,125.34023745145,1349.1497819036626,8_png.rf.495432f82a072c52ab4ed003c73bfc0d.jpg
3,1,Garage,146.36174360677498,1575.4231720089651,8_png.rf.495432f82a072c52ab4ed003c73bfc0d.jpg
