object_id,class_id,class_name,area_m2,area_ft2,file
0,2,House,40.5442932977,436.414718627113,902_jpg.rf.936419f73c527a32b02feedabd276b97.jpg
1,2,House,117.53112259449999,1265.0932504949385,902_jpg.rf.936419f73c527a32b02feedabd276b97.jpg
5,2,House,114.730884438725,1234.951767009992,902_jpg.rf.936419f73c527a32b02feedabd276b97.jpg
6,2,House,122.382239399575,1317.3101866730854,902_jpg.rf.936419f73c527a32b02feedabd276b97.jpg
7,2,House,129.12647495784998,1389.9044637988013,902_jpg.rf.936419f73c527a32b02feedabd276b97.jpg
8,2,House,164.819651450475,1774.1022462477677,902_jpg.rf.936419f73c527a32b02feedabd276b97.jpg
