object_id,class_id,class_name,area_m2,area_ft2,file
0,2,House,179.13636202154999,1928.2058871637619,904_jpg.rf.f3d76c1fbfe38234ce320319f25b1688.jpg
1,2,House,83.573304958975,899.574697247911,904_jpg.rf.f3d76c1fbfe38234ce320319f25b1688.jpg
2,2,House,98.83657490665,1063.8670086376899,904_jpg.rf.f3d76c1fbfe38234ce320319f25b1688.jpg
6,2,House,106.842889633725,1150.0461797284524,904_jpg.rf.f3d76c1fbfe38234ce320319f25b1688.jpg
7,2,House,109.20928807522499,1175.5178559129142,904_jpg.rf.f3d76c1fbfe38234ce320319f25b1688.jpg
9,2,House,112.36448599722499,1209.48009082553,904_jpg.rf.f3d76c1fbfe38234ce320319f25b1688.jpg
10,2,House,111.77288638684999,1203.1121717794147,904_jpg.rf.f3d76c1fbfe38234ce320319f25b1688.jpg
13,2,House,116.702883139975,1256.178163830377,904_jpg.rf.f3d76c1fbfe38234ce320319f25b1688.jpg
14,2,House,112.837765685525,1214.5744260624224,904_jpg.rf.f3d76c1fbfe38234ce320319f25b1688.jpg
