object_id,class_id,class_name,area_m2,area_ft2,file
1,2,House,191.91491360564999,2065.752938559856,910_jpg.rf.9c6f2c5527bee3897643d4501a159c0f.jpg
2,2,House,107.079529477875,1152.5933473468986,910_jpg.rf.9c6f2c5527bee3897643d4501a159c0f.jpg
3,2,House,136.42287015247499,1468.4421320342253,910_jpg.rf.9c6f2c5527bee3897643d4501a159c0f.jpg
4,2,House,115.164724153,1239.6215743104765,910_jpg.rf.9c6f2c5527bee3897643d4501a159c0f.jpg
5,2,House,134.214231607075,1444.6685675953945,910_jpg.rf.9c6f2c5527bee3897643d4501a159c0f.jpg
