object_id,class_id,class_name,area_m2,area_ft2,file
0,2,House,124.59087794497499,1341.0837511119162,921_jpg.rf.836a2aecacfd2c3179c1854bcdac7ac4.jpg
1,1,Garage,120.80464043857499,1300.3290692167773,921_jpg.rf.836a2aecacfd2c3179c1854bcdac7ac4.jpg
2,2,House,124.63031791899999,1341.5082790483239,921_jpg.rf.836a2aecacfd2c3179c1854bcdac7ac4.jpg
3,1,Garage,38.4934146484,414.3392659339127,921_jpg.rf.836a2aecacfd2c3179c1854bcdac7ac4.jpg
4,2,House,31.749179090124997,341.74498880819647,921_jpg.rf.836a2aecacfd2c3179c1854bcdac7ac4.jpg
8,2,House,54.703243972675,588.8202477974763,921_jpg.rf.836a2aecacfd2c3179c1854bcdac7ac4.jpg
10,2,House,136.501750100525,1469.291187907041,921_jpg.rf.836a2aecacfd2c3179c1854bcdac7ac4.jpg
11,2,House,196.72659043669998,2117.545346801595,921_jpg.rf.836a2aecacfd2c3179c1854bcdac7ac4.jpg
