object_id,class_id,class_name,area_m2,area_ft2,file
0,2,House,113.50824524395,1221.7914009813533,925_jpg.rf.67ea1e80dd45ab372c80bb8bf231a30d.jpg
1,2,House,127.74607586697499,1375.045986024532,925_jpg.rf.67ea1e80dd45ab372c80bb8bf231a30d.jpg
2,2,House,122.224479503475,1315.6120749274544,925_jpg.rf.67ea1e80dd45ab372c80bb8bf231a30d.jpg
5,2,House,100.57193376375,1082.5462378396285,925_jpg.rf.67ea1e80dd45ab372c80bb8bf231a30d.jpg
7,2,House,96.233536621,1035.8481648347818,925_jpg.rf.67ea1e80dd45ab372c80bb8bf231a30d.jpg
9,2,House,100.80857360789999,1085.0934054580746,925_jpg.rf.67ea1e80dd45ab372c80bb8bf231a30d.jpg
