object_id,class_id,class_name,area_m2,area_ft2,file
0,2,House,132.2027929318,1423.017642838602,930_jpg.rf.17cffbe713bf352de13ae7a1f3637dc7.jpg
1,2,House,108.61768846484999,1169.1499368667987,930_jpg.rf.17cffbe713bf352de13ae7a1f3637dc7.jpg
2,2,House,136.4623101265,1468.8666599706332,930_jpg.rf.17cffbe713bf352de13ae7a1f3637dc7.jpg
3,2,House,113.15328547772499,1217.970649553684,930_jpg.rf.17cffbe713bf352de13ae7a1f3637dc7.jpg
5,2,House,141.55006677572499,1523.6307637672262,930_jpg.rf.17cffbe713bf352de13ae7a1f3637dc7.jpg
7,2,House,139.30198825629998,1499.4326713919872,930_jpg.rf.17cffbe713bf352de13ae7a1f3637dc7.jpg
8,2,House,118.08328223084999,1271.036641604646,930_jpg.rf.17cffbe713bf352de13ae7a1f3637dc7.jpg
9,2,House,143.048785788675,1539.7628253507187,930_jpg.rf.17cffbe713bf352de13ae7a1f3637dc7.jpg
