object_id,class_id,class_name,area_m2,area_ft2,file
1,2,House,134.095911685,1443.3949837861715,937_jpg.rf.d707fe786fa7ef31eade849aac3f2765.jpg
2,2,House,133.3071122045,1434.9044250580173,937_jpg.rf.d707fe786fa7ef31eade849aac3f2765.jpg
3,2,House,148.9253419184,1603.0174878754656,937_jpg.rf.d707fe786fa7ef31eade849aac3f2765.jpg
5,2,House,133.66207197072498,1438.7251764856865,937_jpg.rf.d707fe786fa7ef31eade849aac3f2765.jpg
