object_id,class_id,class_name,area_m2,area_ft2,file
0,2,House,151.68614010015,1632.7344434240044,938_jpg.rf.c235b62df19a414be2a102bc3e82470f.jpg
1,2,House,143.75870532112498,1547.404328206057,938_jpg.rf.c235b62df19a414be2a102bc3e82470f.jpg
2,2,House,145.2968643081,1563.9609177259574,938_jpg.rf.c235b62df19a414be2a102bc3e82470f.jpg
4,2,House,167.54100965819998,1803.3946738598988,938_jpg.rf.c235b62df19a414be2a102bc3e82470f.jpg
6,2,House,157.562696229875,1695.9891059487516,938_jpg.rf.c235b62df19a414be2a102bc3e82470f.jpg
