object_id,class_id,class_name,area_m2,area_ft2,file
0,2,House,145.809583970425,1569.4797808992575,994_jpg.rf.4a6d009f1507175e17ff84489f5f74c9.jpg
1,1,Garage,93.23609859509999,1003.5840416677968,994_jpg.rf.4a6d009f1507175e17ff84489f5f74c9.jpg
2,2,House,121.120160230775,1303.725292708039,994_jpg.rf.4a6d009f1507175e17ff84489f5f74c9.jpg
