object_id,class_id,class_name,bbox,area_m2,area_ft2,file
504,2,House,"[933, 688, 1016.4300000000001, 785.624]",103.16018205914061,1110.4058836663835,1007_jpg.rf.5209db92fabd7374fba6e1fda1449438.jpg
505,2,House,"[358, 1167, 438.451, 1305.546]",151.38171280064452,1629.4576184148575,1007_jpg.rf.5209db92fabd7374fba6e1fda1449438.jpg
507,1,Garage,"[0, 1000, 65.176, 1073.277]",38.977786829394525,419.5529996529197,1007_jpg.rf.5209db92fabd7374fba6e1fda1449438.jpg
