object_id,class_id,class_name,bbox,area_m2,area_ft2,file
266,2,House,"[1874, 133, 1986.57, 323.736]",218.5221060822656,2352.1500976588986,1029_jpg.rf.cf264d5549afed490680c00fb7226bf9.jpg
268,2,House,"[1481, 1075, 1610.898, 1192.058]",124.52863673596678,1340.4137929622727,1029_jpg.rf.cf264d5549afed490680c00fb7226bf9.jpg
