object_id,class_id,class_name,bbox,area_m2,area_ft2,file
127,2,House,"[1999, 1376, 2047.706, 1458.614]",42.8909717521875,461.67413084337096,13_jpg.rf.e425d238ffba53619cea336a323f62eb.jpg
129,2,House,"[1213, 1312, 1362.768, 1419.011]",156.04980347625974,1679.7044796381122,13_jpg.rf.e425d238ffba53619cea336a323f62eb.jpg
132,2,House,"[1196, 642, 1354.382, 754.256]",158.8691453694531,1710.0515938422561,13_jpg.rf.e425d238ffba53619cea336a323f62eb.jpg
133,2,House,"[627, 1342, 776.65, 1452.267]",151.84389999624997,1634.432555169635,13_jpg.rf.e425d238ffba53619cea336a323f62eb.jpg
135,2,House,"[136, 563, 287.85400000000004, 678.043]",158.1604583361914,1702.4233574849304,13_jpg.rf.e425d238ffba53619cea336a323f62eb.jpg
