object_id,class_id,class_name,bbox,area_m2,area_ft2,file
338,2,House,"[1832, 1317, 1961.136, 1464.27]",157.25149018483395,1692.6393152005342,161_jpg.rf.0340751a5ddf7ef0d1862c44595524bc.jpg
339,2,House,"[1555, 283, 1695.189, 433.557]",152.8453055867285,1645.2115848049868,161_jpg.rf.0340751a5ddf7ef0d1862c44595524bc.jpg
342,2,House,"[1104, 1536, 1260.75, 1667.078]",152.53718078965818,1641.8949603018016,161_jpg.rf.0340751a5ddf7ef0d1862c44595524bc.jpg
343,2,House,"[964, 993, 1080.658, 1141.042]",149.37890161968747,1607.899559144154,161_jpg.rf.0340751a5ddf7ef0d1862c44595524bc.jpg
