object_id,class_id,class_name,bbox,area_m2,area_ft2,file
81,2,House,"[1618, 413, 1762.664, 550.888]",156.03439723640622,1679.5386484129529,164_jpg.rf.c43184ed87a9b646ee011a4e63493c96.jpg
