object_id,class_id,class_name,bbox,area_m2,area_ft2,file
123,2,House,"[1278, 1616, 1395.296, 1684.096]",122.5720442745703,1319.3532273670473,165_jpg.rf.93cfda9f95cd8eae5902612f1f1e5582.jpg
126,2,House,"[160, 742, 302.974, 887.0989999999999]",146.46712228737303,1576.5574575890546,165_jpg.rf.93cfda9f95cd8eae5902612f1f1e5582.jpg
