object_id,class_id,class_name,bbox,area_m2,area_ft2,file
345,2,House,"[1511, 137, 1590.338, 293.13800000000003]",181.87066147075194,1957.6376130050267,169_jpg.rf.cab1340940f7d2ade489a446a1ad02b5.jpg
