object_id,class_id,class_name,bbox,area_m2,area_ft2,file
499,2,House,"[1139, 836, 1268.894, 917.149]",152.42933711068358,1640.7341417256869,1_png.rf.8816b2e50d4bf39586804a48aae14ce1.jpg
500,2,House,"[1627, 575, 1729.856, 708.554]",186.03034623120115,2002.412043798026,1_png.rf.8816b2e50d4bf39586804a48aae14ce1.jpg
501,2,House,"[1630, 860, 1694.749, 929.902]",66.7552372852832,718.5466986150598,1_png.rf.8816b2e50d4bf39586804a48aae14ce1.jpg
502,1,Garage,"[1276, 1069, 1331.278, 1110.779]",33.07719696549804,356.0396404169243,1_png.rf.8816b2e50d4bf39586804a48aae14ce1.jpg
503,1,Garage,"[1700, 1234, 1738.827, 1298.806]",37.82231884038085,407.1156577659754,1_png.rf.8816b2e50d4bf39586804a48aae14ce1.jpg
