object_id,class_id,class_name,bbox,area_m2,area_ft2,file
536,2,House,"[934, 621, 1190.989, 705.208]",309.7270460150781,3333.870950601699,21_png.rf.f54f6df79a8cfe5fa1eff5190e0d95c6.jpg
537,1,Garage,"[875, 733, 921.253, 776.008]",28.070169013105467,302.1444922401659,21_png.rf.f54f6df79a8cfe5fa1eff5190e0d95c6.jpg
539,1,Garage,"[1373, 434, 1485.381, 555.581]",202.0374294390039,2174.7106867384937,21_png.rf.f54f6df79a8cfe5fa1eff5190e0d95c6.jpg
