object_id,class_id,class_name,bbox,area_m2,area_ft2,file
374,2,House,"[1923, 1839, 2047.334, 1985.867]",161.0260189489453,1733.2679653645523,220_jpg.rf.8acb8fa7e310852eed3caed4e3c96399.jpg
375,2,House,"[1899, 1226, 2017.704, 1365.206]",134.77378623855466,1450.6915576931785,220_jpg.rf.8acb8fa7e310852eed3caed4e3c96399.jpg
379,2,House,"[931, 1794, 1015.046, 1930.701]",146.85227828371092,1580.703238218036,220_jpg.rf.8acb8fa7e310852eed3caed4e3c96399.jpg
380,1,Garage,"[1006, 1688, 1082.682, 1771.366]",79.388353965166,854.5283032456504,220_jpg.rf.8acb8fa7e310852eed3caed4e3c96399.jpg
381,2,House,"[936, 1331, 1080.835, 1533.232]",281.7647206809472,3032.8872769376476,220_jpg.rf.8acb8fa7e310852eed3caed4e3c96399.jpg
382,1,Garage,"[779, 93, 868.2429999999999, 182.62900000000002]",100.04812160873045,1076.9079761842138,220_jpg.rf.8acb8fa7e310852eed3caed4e3c96399.jpg
383,2,House,"[680, 0, 762.746, 94.338]",105.39408683790037,1134.4514113144758,220_jpg.rf.8acb8fa7e310852eed3caed4e3c96399.jpg
