object_id,class_id,class_name,bbox,area_m2,area_ft2,file
83,2,House,"[1772, 409, 1905.4, 540.386]",131.86200690624023,1419.3494561380792,221_jpg.rf.13ccb55ba8b6feee55e5441c5b751445.jpg
86,2,House,"[1355, 1204, 1471.227, 1301.446]",166.89579633313474,1796.449662150229,221_jpg.rf.13ccb55ba8b6feee55e5441c5b751445.jpg
87,2,House,"[874, 352, 1017.741, 453.23699999999997]",140.19678266699216,1509.0641489492368,221_jpg.rf.13ccb55ba8b6feee55e5441c5b751445.jpg
88,2,House,"[725, 1112, 822.059, 1241.77]",125.22191752937499,1347.8761980944394,221_jpg.rf.13ccb55ba8b6feee55e5441c5b751445.jpg
92,2,House,"[563, 1675, 678.566, 1811.269]",128.4110091790527,1382.2032617024054,221_jpg.rf.13ccb55ba8b6feee55e5441c5b751445.jpg
93,2,House,"[0, 723, 95.616, 862.387]",123.71210602373046,1331.624738028832,221_jpg.rf.13ccb55ba8b6feee55e5441c5b751445.jpg
