object_id,class_id,class_name,bbox,area_m2,area_ft2,file
144,2,House,"[1883, 1104, 2015.883, 1270.048]",169.4378259089648,1823.8118143015063,222_jpg.rf.019e1da0e542803b2acc01990a7eaad8.jpg
147,2,House,"[1336, 651, 1499.749, 772.206]",154.29349213295896,1660.7997199699569,222_jpg.rf.019e1da0e542803b2acc01990a7eaad8.jpg
148,2,House,"[1098, 1605, 1243.843, 1748.995]",162.45879925532225,1748.690269304363,222_jpg.rf.019e1da0e542803b2acc01990a7eaad8.jpg
151,2,House,"[644, 1357, 770.821, 1485.85]",122.54123179486326,1319.0215649167287,222_jpg.rf.019e1da0e542803b2acc01990a7eaad8.jpg
152,2,House,"[778, 635, 927.202, 770.213]",145.88168517293943,1570.2558710330027,222_jpg.rf.019e1da0e542803b2acc01990a7eaad8.jpg
