object_id,class_id,class_name,bbox,area_m2,area_ft2,file
70,2,House,"[45, 946, 188.144, 1081.858]",144.10996758978513,1551.185280139688,234_jpg.rf.91d69f31e1067595e607e0263d51a3dc.jpg
71,2,House,"[465, 1937, 596.037, 2048.499]",120.0146084588867,1291.8252439906105,234_jpg.rf.91d69f31e1067595e607e0263d51a3dc.jpg
74,2,House,"[502, 583, 641.939, 719.731]",140.8130322611328,1515.6973979556074,234_jpg.rf.91d69f31e1067595e607e0263d51a3dc.jpg
76,2,House,"[984, 487, 1125.006, 603.226]",139.36484571490232,1500.1092627906369,234_jpg.rf.91d69f31e1067595e607e0263d51a3dc.jpg
77,2,House,"[1086, 1523, 1209.915, 1661.002]",136.4684726224414,1468.9329924606968,234_jpg.rf.91d69f31e1067595e607e0263d51a3dc.jpg
80,2,House,"[1347, 853, 1443.854, 985.6510000000001]",145.28084181865233,1563.788453251792,234_jpg.rf.91d69f31e1067595e607e0263d51a3dc.jpg
