object_id,class_id,class_name,bbox,area_m2,area_ft2,file
508,2,House,"[305, 527, 451.541, 617.989]",147.6071840365332,1588.8289682508396,242_jpg.rf.541f68797749f5c461ac608d320bdb8a.jpg
