object_id,class_id,class_name,bbox,area_m2,area_ft2,file
284,2,House,"[458, 1808, 549.851, 1943.774]",132.47825650038084,1425.9827051444493,295_jpg.rf.5b7d1ddc21bcec6f79e2cdb53e46e2d5.jpg
