object_id,class_id,class_name,bbox,area_m2,area_ft2,file
273,2,House,"[989, 38, 1121.277, 169.942]",139.11834587724607,1497.4559631880888,298_jpg.rf.2b95eeb47b7285b24970b6780ff409d3.jpg
274,2,House,"[397, 146, 580.973, 286.13]",195.22787142374997,2101.4132852181024,298_jpg.rf.2b95eeb47b7285b24970b6780ff409d3.jpg
275,1,Garage,"[550, 51, 619.434, 110.14699999999999]",57.31121225507812,616.8921575924353,298_jpg.rf.2b95eeb47b7285b24970b6780ff409d3.jpg
277,2,House,"[191, 821, 334.427, 949.1759999999999]",139.45728315402343,1501.1042501415927,298_jpg.rf.2b95eeb47b7285b24970b6780ff409d3.jpg
