object_id,class_id,class_name,bbox,area_m2,area_ft2,file
348,2,House,"[1309, 1959, 1389.216, 1997.846]",23.941296732363277,257.70172389748507,311_jpg.rf.654702c9d970b9f84a06a889389b5628.jpg
349,2,House,"[1162, 1217, 1289.739, 1294.749]",132.77097505759764,1429.1334984224752,311_jpg.rf.654702c9d970b9f84a06a889389b5628.jpg
352,2,House,"[819, 935, 949.8340000000001, 1044.762]",131.86200690624023,1419.3494561380792,311_jpg.rf.654702c9d970b9f84a06a889389b5628.jpg
353,2,House,"[465, 660, 600.626, 791.971]",133.67994320895505,1438.9175407068713,311_jpg.rf.654702c9d970b9f84a06a889389b5628.jpg
355,2,House,"[1, 1226, 93.48, 1321.219]",128.22613430081054,1380.2132870004946,311_jpg.rf.654702c9d970b9f84a06a889389b5628.jpg
