object_id,class_id,class_name,bbox,area_m2,area_ft2,file
56,2,House,"[1897, 644, 2038.349, 754.341]",143.12396823916015,1540.572081729496,318_jpg.rf.428b30a807984742ca79086f7d7216e3.jpg
58,2,House,"[1101, 1653, 1231.0819999999999, 1744.885]",148.14640243140624,1594.6330611314136,318_jpg.rf.428b30a807984742ca79086f7d7216e3.jpg
59,2,House,"[1218, 808, 1367.422, 940.8240000000001]",157.15905274571287,1691.6443278495788,318_jpg.rf.428b30a807984742ca79086f7d7216e3.jpg
62,2,House,"[666, 1629, 795.638, 1719.434]",153.1380241439453,1648.3623780830128,318_jpg.rf.428b30a807984742ca79086f7d7216e3.jpg
64,2,House,"[687, 860, 841.827, 949.909]",166.156296820166,1788.4897633425849,318_jpg.rf.428b30a807984742ca79086f7d7216e3.jpg
65,2,House,"[104, 883, 252.069, 971.968]",155.09461660534177,1669.4229436782382,318_jpg.rf.428b30a807984742ca79086f7d7216e3.jpg
