object_id,class_id,class_name,bbox,area_m2,area_ft2,file
175,2,House,"[1338, 477, 1429.883, 604.496]",131.1533198729785,1411.7212197807532,347_jpg.rf.eab00f98c833ba3fc0fff0cf14631ff3.jpg
177,2,House,"[1413, 1400, 1522.93, 1590.712]",240.87656010971676,2592.7712053649802,347_jpg.rf.eab00f98c833ba3fc0fff0cf14631ff3.jpg
178,1,Garage,"[1519, 1788, 1617.022, 1904.275]",132.15472546345703,1422.5002494161051,347_jpg.rf.eab00f98c833ba3fc0fff0cf14631ff3.jpg
