object_id,class_id,class_name,bbox,area_m2,area_ft2,file
535,1,Garage,"[277, 293, 405.86199999999997, 455.206]",176.54010248143553,1900.2600090999238,352_jpg.rf.597bb612ceef78949b0c2e790a8a5434.jpg
