object_id,class_id,class_name,bbox,area_m2,area_ft2,file
137,2,House,"[1763, 1075, 1878.107, 1170.344]",117.64204752144529,1266.287235316085,373_jpg.rf.0eee77c14d73705ab9f5312908c7b0ee.jpg
140,2,House,"[1183, 837, 1316.629, 921.53]",110.64761462794921,1190.9998590937826,373_jpg.rf.0eee77c14d73705ab9f5312908c7b0ee.jpg
141,2,House,"[789, 1173, 910.642, 1266.491]",118.08882847719725,1271.0963408457035,373_jpg.rf.0eee77c14d73705ab9f5312908c7b0ee.jpg
142,2,House,"[691, 1843, 789.04, 1917.882]",68.32667375034178,735.4614835813039,373_jpg.rf.0eee77c14d73705ab9f5312908c7b0ee.jpg
