object_id,class_id,class_name,bbox,area_m2,area_ft2,file
532,2,House,"[1233, 689, 1379.43, 770.874]",164.3691729971582,1769.253341224111,3_png.rf.6a016f60daec9082f0fd6f91450474d2.jpg
533,2,House,"[865, 709, 973.144, 787.738]",129.0888837326074,1389.4998356094127,3_png.rf.6a016f60daec9082f0fd6f91450474d2.jpg
534,2,House,"[845, 857, 973.403, 934.309]",149.07077682261718,1604.582934640969,3_png.rf.6a016f60daec9082f0fd6f91450474d2.jpg
