object_id,class_id,class_name,bbox,area_m2,area_ft2,file
326,2,House,"[1011, 1310, 1173.442, 1440.149]",204.56405277498044,2201.9070076646117,41_png.rf.fd66fc82fa25c9f604a5f4c4f52d41da.jpg
327,2,House,"[1234, 1948, 1333.765, 2031.994]",87.29175501001951,939.5997217523491,41_png.rf.fd66fc82fa25c9f604a5f4c4f52d41da.jpg
328,2,House,"[1339, 1939, 1522.9569999999999, 2046.192]",186.80065822387692,2010.7036050559886,41_png.rf.fd66fc82fa25c9f604a5f4c4f52d41da.jpg
329,2,House,"[1159, 1049, 1308.726, 1146.1680000000001]",158.8691453694531,1710.0515938422561,41_png.rf.fd66fc82fa25c9f604a5f4c4f52d41da.jpg
330,2,House,"[1351, 1136, 1436.69, 1224.413]",85.93600590291014,925.0065739383344,41_png.rf.fd66fc82fa25c9f604a5f4c4f52d41da.jpg
331,2,House,"[1626, 1559, 1787.44, 1667.765]",165.32435986807616,1779.534877183985,41_png.rf.fd66fc82fa25c9f604a5f4c4f52d41da.jpg
332,1,Garage,"[1788, 1599, 1867.955, 1692.061]",76.59982455167967,824.5128514918248,41_png.rf.fd66fc82fa25c9f604a5f4c4f52d41da.jpg
333,2,House,"[1703, 1178, 1979.829, 1374.75]",548.6470136633984,5905.581590371454,41_png.rf.fd66fc82fa25c9f604a5f4c4f52d41da.jpg
