object_id,class_id,class_name,bbox,area_m2,area_ft2,file
25,2,House,"[973, 1895, 1141.667, 1984.336]",203.624272143916,2191.791302929897,451_jpg.rf.51f9e769ba8d94b7cf772c02a5c8d15c.jpg
27,1,Garage,"[673, 1555, 885.2239999999999, 1705.035]",300.88386433916014,3238.6838273602857,451_jpg.rf.51f9e769ba8d94b7cf772c02a5c8d15c.jpg
28,1,Garage,"[1736, 1860, 1815.926, 1953.261]",69.66701661759765,749.8888001701594,451_jpg.rf.51f9e769ba8d94b7cf772c02a5c8d15c.jpg
