object_id,class_id,class_name,bbox,area_m2,area_ft2,file
4,2,House,"[1765, 657, 2031.272, 752.853]",359.3505445832519,3868.0133268396653,4_png.rf.496bc30392d7d6656e0ca776b48aedd5.jpg
