object_id,class_id,class_name,bbox,area_m2,area_ft2,file
576,2,House,"[1320, 1909, 1461.219, 2000.378]",172.6577300383496,1858.4705403597911,502_jpg.rf.4999e5aa774f1db143eed293364f7bba.jpg
