object_id,class_id,class_name,bbox,area_m2,area_ft2,file
256,1,Garage,"[776, 709, 983.533, 871.325]",414.0735085429394,4457.045838605345,512_jpg.rf.ad6144f8bca434163cad3bf8570f716f.jpg
261,2,House,"[708, 178, 825.478, 332.49]",211.0192672736035,2271.3902910063407,512_jpg.rf.ad6144f8bca434163cad3bf8570f716f.jpg
262,1,Garage,"[569, 411, 618.947, 451.266]",24.60376504606445,264.83246657933313,512_jpg.rf.ad6144f8bca434163cad3bf8570f716f.jpg
263,2,House,"[575, 134, 652.102, 207.57]",68.46532990902342,736.9539646077372,512_jpg.rf.ad6144f8bca434163cad3bf8570f716f.jpg
