object_id,class_id,class_name,bbox,area_m2,area_ft2,file
418,2,House,"[167, 419, 273.264, 560.227]",175.9084466474414,1893.4609288683944,52_png.rf.6c39aa06bc1970798cdc5ddd5a0315ca.jpg
419,1,Garage,"[222, 650, 297.03499999999997, 704.794]",60.808428701826166,654.5358457035867,52_png.rf.6c39aa06bc1970798cdc5ddd5a0315ca.jpg
420,2,House,"[499, 38, 573.6659999999999, 151.608]",115.06920546590818,1238.593420714489,52_png.rf.6c39aa06bc1970798cdc5ddd5a0315ca.jpg
421,2,House,"[919, 525, 1124.811, 654.227]",354.74407886705075,3818.4297905170474,52_png.rf.6c39aa06bc1970798cdc5ddd5a0315ca.jpg
422,2,House,"[1708, 251, 1795.346, 418.10900000000004]",209.1551122513281,2251.3247127620702,52_png.rf.6c39aa06bc1970798cdc5ddd5a0315ca.jpg
423,1,Garage,"[1362, 64, 1503.061, 192.005]",187.9407199730371,2022.9751157177739,52_png.rf.6c39aa06bc1970798cdc5ddd5a0315ca.jpg
424,1,Garage,"[1579, 0, 1708.034, 96.35]",141.8144378516113,1526.4764275909588,52_png.rf.6c39aa06bc1970798cdc5ddd5a0315ca.jpg
