object_id,class_id,class_name,bbox,area_m2,area_ft2,file
170,2,House,"[816, 1578, 930.301, 1710.595]",128.50344661817383,1383.1982490533612,568_jpg.rf.a529053fb530e4829f9291dcb731140c.jpg
171,2,House,"[184, 1955, 341.176, 2048.024]",165.52464098617185,1781.690683111055,568_jpg.rf.a529053fb530e4829f9291dcb731140c.jpg
