object_id,class_id,class_name,bbox,area_m2,area_ft2,file
310,2,House,"[0, 1349, 48.624, 1415.718]",48.56046801828124,522.7000217019774,581_jpg.rf.14a28bfda5556649d9ec61abc10b8654.jpg
311,2,House,"[239, 1349, 331.848, 1488.488]",199.15646258639646,2143.700247633713,581_jpg.rf.14a28bfda5556649d9ec61abc10b8654.jpg
312,1,Garage,"[238, 1515, 331.744, 1672.456]",227.36528775818357,2447.337220900312,581_jpg.rf.14a28bfda5556649d9ec61abc10b8654.jpg
