object_id,class_id,class_name,bbox,area_m2,area_ft2,file
525,2,House,"[1987, 0, 2048.478, 133.763]",90.234346822041,971.2734857577672,589_jpg.rf.cc8b5e612c48681369e65b06d5086573.jpg
526,2,House,"[1707, 0, 1905.272, 52.178]",79.2805102861914,853.3674846695355,589_jpg.rf.cc8b5e612c48681369e65b06d5086573.jpg
530,2,House,"[1861, 390, 1986.806, 572.139]",219.26160559523436,2360.109996466543,589_jpg.rf.cc8b5e612c48681369e65b06d5086573.jpg
531,2,House,"[1416, 394, 1560.584, 536.706]",204.45620909600584,2200.746189088497,589_jpg.rf.cc8b5e612c48681369e65b06d5086573.jpg
