object_id,class_id,class_name,bbox,area_m2,area_ft2,file
94,2,House,"[46, 154, 329.435, 267.851]",419.4965049713769,4515.418429861404,60_png.rf.054d7c124be6d1ff0409790e8f32f918.jpg
95,2,House,"[663, 17, 825.4929999999999, 178.515]",241.4003722647363,2598.409467020395,60_png.rf.054d7c124be6d1ff0409790e8f32f918.jpg
96,1,Garage,"[566, 148, 627.685, 222.707]",46.35737571922851,498.98615650420373,60_png.rf.054d7c124be6d1ff0409790e8f32f918.jpg
97,1,Garage,"[611, 321, 648.01, 367.533]",21.86145435213867,235.3145085009854,60_png.rf.054d7c124be6d1ff0409790e8f32f918.jpg
99,2,House,"[441, 641, 666.883, 756.73]",394.72327128692376,4248.761819805319,60_png.rf.054d7c124be6d1ff0409790e8f32f918.jpg
