object_id,class_id,class_name,bbox,area_m2,area_ft2,file
335,2,House,"[351, 0, 502.301, 51.323]",103.51452557577147,1114.2200018450465,618_jpg.rf.98c19ae8bf7e0162f7ddf10e502311df.jpg
336,1,Garage,"[572, 108, 631.987, 225.30700000000002]",96.05790548666991,1033.9576888679662,618_jpg.rf.98c19ae8bf7e0162f7ddf10e502311df.jpg
