object_id,class_id,class_name,bbox,area_m2,area_ft2,file
196,2,House,"[1371, 1578, 1620.798, 1720.797]",338.04371486583983,3638.668742444413,61_png.rf.e05980fced432e407e862a115bf76fcc.jpg
197,1,Garage,"[1798, 1721, 1917.173, 1806.514]",137.3774407737988,1478.7170347450929,61_png.rf.e05980fced432e407e862a115bf76fcc.jpg
