object_id,class_id,class_name,bbox,area_m2,area_ft2,file
2,1,Garage,"[1948, 1452, 2002.706, 1508.008]",41.797128722587885,449.90011385706373,623_jpg.rf.fb4ecdb899aaf68a3de7189a9c8f8585.jpg
3,2,House,"[1890, 1397, 2048.077, 1460.171]",111.04817686414061,1195.3114709479232,623_jpg.rf.fb4ecdb899aaf68a3de7189a9c8f8585.jpg
