object_id,class_id,class_name,bbox,area_m2,area_ft2,file
67,2,House,"[666, 1095, 893.643, 1224.675]",297.5253040510937,3202.5326202755673,63_png.rf.0935a9d887dcc3ea88310bd940496c32.jpg
68,1,Garage,"[620, 1448, 744.229, 1597.992]",242.06284057843746,2605.540209702243,63_png.rf.0935a9d887dcc3ea88310bd940496c32.jpg
