object_id,class_id,class_name,bbox,area_m2,area_ft2,file
6,2,House,"[1018, 106, 1104.91, 257.08000000000004]",192.94774792542967,2076.8702638945324,65_png.rf.8ca3359e59cd008a06f07455c8b5be8d.jpg
7,1,Garage,"[828, 69, 887.715, 136.82999999999998]",59.021304878818356,635.2994235851129,65_png.rf.8ca3359e59cd008a06f07455c8b5be8d.jpg
8,1,Garage,"[677, 189, 746.298, 244.779]",55.200557395146475,594.1732797456172,65_png.rf.8ca3359e59cd008a06f07455c8b5be8d.jpg
9,2,House,"[673, 327, 757.107, 417.256]",107.15039818120115,1153.356170982631,65_png.rf.8ca3359e59cd008a06f07455c8b5be8d.jpg
10,1,Garage,"[886, 547, 1018.058, 652.53]",203.8245532620117,2193.9471088569676,65_png.rf.8ca3359e59cd008a06f07455c8b5be8d.jpg
