object_id,class_id,class_name,bbox,area_m2,area_ft2,file
241,2,House,"[1499, 1978, 1596.514, 2001.01]",15.806802089707029,170.14283701339747,672_jpg.rf.bb7a917cb2bea9fb7a5304e84e7b39ac.jpg
242,1,Garage,"[1137, 1919, 1193.976, 1996.245]",49.03806145374023,527.8407896819144,672_jpg.rf.bb7a917cb2bea9fb7a5304e84e7b39ac.jpg
