object_id,class_id,class_name,bbox,area_m2,area_ft2,file
122,2,House,"[1991, 808, 2048.278, 902.645]",76.46116839299803,823.0203704653915,676_jpg.rf.78cd480550bf51bda9c0264d5eb56da6.jpg
