object_id,class_id,class_name,bbox,area_m2,area_ft2,file
572,2,House,"[1797, 1698, 2046.314, 1881.851]",516.5866285282324,5560.48681081504,685_jpg.rf.cfbc5f799f0dab7a18f48bcd9f18dad0.jpg
