object_id,class_id,class_name,bbox,area_m2,area_ft2,file
173,1,Garage,"[500, 1059, 565.05, 1114.81]",44.13887718032226,475.10646008127077,688_jpg.rf.e2bdcba3c58dfa32d6ad386c94d943b9.jpg
174,2,House,"[343, 911, 448.848, 1010.69]",142.53853112472655,1534.270495173444,688_jpg.rf.e2bdcba3c58dfa32d6ad386c94d943b9.jpg
