object_id,class_id,class_name,bbox,area_m2,area_ft2,file
219,2,House,"[531, 114, 714.221, 305.872]",259.88786008895505,2797.406937211503,6_png.rf.06d13dcc9a70a5a0cc46f7a66b71a2de.jpg
221,2,House,"[48, 0, 159.803, 152.898]",235.9927820761523,2540.2027069894957,6_png.rf.06d13dcc9a70a5a0cc46f7a66b71a2de.jpg
