object_id,class_id,class_name,bbox,area_m2,area_ft2,file
447,1,Garage,"[324, 1636, 446.315, 1826.838]",207.6915194652441,2235.570746371941,713_jpg.rf.599b273bee7ff329dfcdcdc0b0cdd139.jpg
448,1,Garage,"[454, 1586, 596.168, 1773.637]",256.8836433175195,2765.069848305448,713_jpg.rf.599b273bee7ff329dfcdcdc0b0cdd139.jpg
