object_id,class_id,class_name,bbox,area_m2,area_ft2,file
406,2,House,"[1913, 436, 2012.166, 556.539]",171.42523085006835,1845.2040423470505,723_jpg.rf.7ac3b561831918dea8aa20c9fc683240.jpg
409,2,House,"[177, 1097, 339.40999999999997, 1197.608]",179.82163157023436,1935.5820600588456,723_jpg.rf.7ac3b561831918dea8aa20c9fc683240.jpg
410,1,Garage,"[462, 934, 578.778, 1029.938]",137.20797213541013,1476.8928912683411,723_jpg.rf.7ac3b561831918dea8aa20c9fc683240.jpg
411,1,Garage,"[1742, 313, 1805.021, 379.83]",61.624959414062495,663.3249006370272,723_jpg.rf.7ac3b561831918dea8aa20c9fc683240.jpg
