object_id,class_id,class_name,bbox,area_m2,area_ft2,file
108,2,House,"[1247, 1650, 1376.411, 1805.2930000000001]",172.30338652171872,1854.6564221811282,725_jpg.rf.295ac0c464b0fa16d71e792d934980dd.jpg
109,1,Garage,"[1173, 1828, 1330.142, 1954.946]",187.78665757450193,2021.3168034661812,725_jpg.rf.295ac0c464b0fa16d71e792d934980dd.jpg
111,2,House,"[161, 1133, 264.978, 1264.821]",143.04693703989255,1539.7429256036994,725_jpg.rf.295ac0c464b0fa16d71e792d934980dd.jpg
112,2,House,"[279, 184, 405.688, 266.68600000000004]",133.4180371314453,1436.098409879164,725_jpg.rf.295ac0c464b0fa16d71e792d934980dd.jpg
114,2,House,"[387, 450, 484.374, 571.259]",131.4460384301953,1414.8720130587792,725_jpg.rf.295ac0c464b0fa16d71e792d934980dd.jpg
