object_id,class_id,class_name,bbox,area_m2,area_ft2,file
387,1,Garage,"[575, 1244, 711.592, 1393.102]",280.13165925647456,3015.3091670707663,736_jpg.rf.de421fc38e92605619ba9caec7a02960.jpg
388,2,House,"[1534, 510, 1693.0720000000001, 625.259]",234.12862705387693,2520.1371287452257,736_jpg.rf.de421fc38e92605619ba9caec7a02960.jpg
389,2,House,"[1571, 1026, 1748.462, 1235.733]",373.97106620423824,4025.3871595158,736_jpg.rf.de421fc38e92605619ba9caec7a02960.jpg
390,2,House,"[1850, 1179, 1975.811, 1266.344]",160.6408629526074,1729.1221847355707,736_jpg.rf.de421fc38e92605619ba9caec7a02960.jpg
396,1,Garage,"[1909, 1078, 1982.546, 1150.032]",67.37148687942383,725.1799476214301,736_jpg.rf.de421fc38e92605619ba9caec7a02960.jpg
