object_id,class_id,class_name,bbox,area_m2,area_ft2,file
305,2,House,"[1980, 177, 2047.664, 262.706]",83.7175073640039,901.1268775154015,74_jpg.rf.2a005d4e34ba0062f2a6d9dc31d92616.jpg
306,2,House,"[1364, 493, 1501.278, 602.376]",134.32700528280273,1445.8824521635602,74_jpg.rf.2a005d4e34ba0062f2a6d9dc31d92616.jpg
307,2,House,"[100, 355, 196.80599999999998, 480.099]",121.30873260658201,1305.755066903988,74_jpg.rf.2a005d4e34ba0062f2a6d9dc31d92616.jpg
309,1,Garage,"[143, 24, 238.576, 147.978]",120.73870173200194,1299.6193115730957,74_jpg.rf.2a005d4e34ba0062f2a6d9dc31d92616.jpg
