object_id,class_id,class_name,bbox,area_m2,area_ft2,file
369,2,House,"[0, 184, 43.418, 256.757]",45.00162661211913,484.3930086901891,75_jpg.rf.b2fe22c7756999fc18bbddf7e6f9102a.jpg
372,2,House,"[1220, 437, 1332.59, 569.7470000000001]",119.6140462226953,1287.5136321364698,75_jpg.rf.b2fe22c7756999fc18bbddf7e6f9102a.jpg
