object_id,class_id,class_name,bbox,area_m2,area_ft2,file
265,2,House,"[249, 583, 362.539, 708.896]",132.8326000170117,1429.7968233231122,76_jpg.rf.01bfc39d525df52a70d470440d6bbb3c.jpg
