object_id,class_id,class_name,bbox,area_m2,area_ft2,file
166,2,House,"[124, 663, 334.264, 812.466]",269.8248847944726,2904.3680774392237,789_jpg.rf.137e1664a85012bb8fd1811c8a127044.jpg
