object_id,class_id,class_name,bbox,area_m2,area_ft2,file
314,2,House,"[1018, 190, 1170.798, 292.73]",142.33825000663083,1532.1146892463735,791_jpg.rf.136b1d1c23fa4a5e7c21ff9ccf40e8ac.jpg
315,2,House,"[776, 569, 893.186, 700.669]",152.0441811143457,1636.5883610967055,791_jpg.rf.136b1d1c23fa4a5e7c21ff9ccf40e8ac.jpg
318,2,House,"[894, 996, 990.107, 1126.71]",137.9474716483789,1484.8527900759855,791_jpg.rf.136b1d1c23fa4a5e7c21ff9ccf40e8ac.jpg
319,2,House,"[1026, 1329, 1160.838, 1466.285]",142.36906248633787,1532.446351696692,791_jpg.rf.136b1d1c23fa4a5e7c21ff9ccf40e8ac.jpg
321,2,House,"[1573, 1229, 1677.402, 1362.472]",142.8004372022363,1537.0896260011514,791_jpg.rf.136b1d1c23fa4a5e7c21ff9ccf40e8ac.jpg
322,2,House,"[1572, 767, 1673.358, 891.211]",130.69113267737302,1406.7462830259753,791_jpg.rf.136b1d1c23fa4a5e7c21ff9ccf40e8ac.jpg
324,2,House,"[1511, 398, 1642.797, 534.7860000000001]",137.60853437160154,1481.2045031224818,791_jpg.rf.136b1d1c23fa4a5e7c21ff9ccf40e8ac.jpg
