object_id,class_id,class_name,bbox,area_m2,area_ft2,file
286,2,House,"[455, 1920, 535.806, 2039.205]",140.85925098069333,1516.1948916310848,792_jpg.rf.120fb41c7c913fba819fff4ff658b5fe.jpg
290,2,House,"[953, 1950, 1028.302, 2021.874]",77.69366758127929,836.2868684781321,792_jpg.rf.120fb41c7c913fba819fff4ff658b5fe.jpg
292,2,House,"[1252, 66, 1387.424, 147.62099999999998]",140.13515770757812,1508.4008240486,792_jpg.rf.120fb41c7c913fba819fff4ff658b5fe.jpg
295,2,House,"[973, 322, 1062.051, 445.198]",155.54139756109373,1674.2320492078568,792_jpg.rf.120fb41c7c913fba819fff4ff658b5fe.jpg
296,2,House,"[955, 687, 1088.696, 816.002]",128.51885285802732,1383.36408027852,792_jpg.rf.120fb41c7c913fba819fff4ff658b5fe.jpg
299,2,House,"[965, 1123, 1072.632, 1251.664]",175.2151658540332,1885.9985237362278,792_jpg.rf.120fb41c7c913fba819fff4ff658b5fe.jpg
300,2,House,"[1448, 1170, 1589.461, 1317.594]",174.25997898311522,1875.7169877763538,792_jpg.rf.120fb41c7c913fba819fff4ff658b5fe.jpg
302,2,House,"[1477, 715, 1570.616, 837.622]",145.34246677806638,1564.4517781524287,792_jpg.rf.120fb41c7c913fba819fff4ff658b5fe.jpg
304,2,House,"[1533, 349, 1637.198, 478.861]",168.39020159892576,1812.535290990677,792_jpg.rf.120fb41c7c913fba819fff4ff658b5fe.jpg
