object_id,class_id,class_name,bbox,area_m2,area_ft2,file
518,2,House,"[426, 207, 722.563, 362.502]",446.56526839400385,4806.783892466218,7_png.rf.d30f24b2276488d36d1b272aae58e1b9.jpg
519,1,Garage,"[274, 383, 436.06399999999996, 481.394]",239.7210921207031,2580.333863478036,7_png.rf.d30f24b2276488d36d1b272aae58e1b9.jpg
520,2,House,"[27, 602, 233.323, 743.8]",395.44736456003903,4256.555887387804,7_png.rf.d30f24b2276488d36d1b272aae58e1b9.jpg
521,2,House,"[363, 664, 460.581, 719.245]",77.98638613849609,839.437661756158,7_png.rf.d30f24b2276488d36d1b272aae58e1b9.jpg
522,2,House,"[724, 675, 821.581, 732.006]",81.63766498377929,878.7396621189018,7_png.rf.d30f24b2276488d36d1b272aae58e1b9.jpg
523,2,House,"[1050, 524, 1192.019, 614.734]",128.36479045949218,1381.705768026928,7_png.rf.d30f24b2276488d36d1b272aae58e1b9.jpg
