object_id,class_id,class_name,bbox,area_m2,area_ft2,file
431,2,House,"[385, 1011, 498.688, 1101.45]",133.20234977349608,1433.7767727269345,850_jpg.rf.f11ff701cecfa686be0c5bbf328f9685.jpg
432,2,House,"[256, 1670, 433.64, 1748.008]",208.9548311332324,2249.168906835,850_jpg.rf.f11ff701cecfa686be0c5bbf328f9685.jpg
434,2,House,"[1720, 1507, 1837.656, 1597.763]",123.52723114548827,1329.634763326921,850_jpg.rf.f11ff701cecfa686be0c5bbf328f9685.jpg
435,1,Garage,"[1572, 1700, 1643.243, 1777.077]",75.70626264017577,814.8946404325878,850_jpg.rf.f11ff701cecfa686be0c5bbf328f9685.jpg
436,1,Garage,"[1536, 1808, 1647.901, 1894.442]",134.0188804857324,1442.5658276603751,850_jpg.rf.f11ff701cecfa686be0c5bbf328f9685.jpg
437,1,Garage,"[1758, 1892, 1926.3899999999999, 1986.005]",219.3232305546484,2360.77332136718,850_jpg.rf.f11ff701cecfa686be0c5bbf328f9685.jpg
