object_id,class_id,class_name,bbox,area_m2,area_ft2,file
180,2,House,"[818, 1664, 944.5699999999999, 1769.85]",124.29754313816404,1337.926324584884,854_jpg.rf.80e716c480a22563599a7dfbd4240377.jpg
181,2,House,"[365, 820, 449.395, 901.667]",77.47798022333006,833.9652313259024,854_jpg.rf.80e716c480a22563599a7dfbd4240377.jpg
183,2,House,"[783, 787, 878.9300000000001, 907.592]",129.674320847041,1395.8014221654646,854_jpg.rf.80e716c480a22563599a7dfbd4240377.jpg
184,2,House,"[1112, 170, 1280.434, 286.498]",187.2628454194824,2015.6785418107665,854_jpg.rf.80e716c480a22563599a7dfbd4240377.jpg
187,2,House,"[1241, 633, 1350.686, 786.346]",167.11148369108398,1798.7712993024588,854_jpg.rf.80e716c480a22563599a7dfbd4240377.jpg
188,2,House,"[1536, 992, 1634.16, 1082.352]",98.55371634293944,1060.8223473437658,854_jpg.rf.80e716c480a22563599a7dfbd4240377.jpg
191,2,House,"[1593, 616, 1745.446, 726.2]",164.4924229159863,1770.579991025385,854_jpg.rf.80e716c480a22563599a7dfbd4240377.jpg
192,2,House,"[1650, 93, 1766.75, 191.632]",118.2274846358789,1272.5888218721368,854_jpg.rf.80e716c480a22563599a7dfbd4240377.jpg
195,2,House,"[1957, 1394, 2047.875, 1469.555]",97.67556067128905,1051.3699675096882,854_jpg.rf.80e716c480a22563599a7dfbd4240377.jpg
