object_id,class_id,class_name,bbox,area_m2,area_ft2,file
357,2,House,"[0, 403, 12.338, 434.55]",3.0042167714355466,32.33708890605508,86_jpg.rf.4e7373614c0401fe0363b09804f98fb4.jpg
358,2,House,"[545, 1123, 684.229, 1257.209]",143.46290551593748,1544.2203686829994,86_jpg.rf.4e7373614c0401fe0363b09804f98fb4.jpg
361,2,House,"[515, 391, 665.192, 505.101]",155.5876162806543,1674.7295428833347,86_jpg.rf.4e7373614c0401fe0363b09804f98fb4.jpg
362,2,House,"[1270, 395, 1409.282, 525.456]",150.76546320650388,1622.824369408487,86_jpg.rf.4e7373614c0401fe0363b09804f98fb4.jpg
365,2,House,"[1308, 1134, 1459.541, 1244.747]",152.98396174541014,1646.7040658314202,86_jpg.rf.4e7373614c0401fe0363b09804f98fb4.jpg
366,2,House,"[1958, 429, 2047.054, 526.1949999999999]",91.54387720958984,985.369139896304,86_jpg.rf.4e7373614c0401fe0363b09804f98fb4.jpg
367,2,House,"[1923, 1157, 2047.53, 1267.59]",137.71637805057617,1482.3653216985967,86_jpg.rf.4e7373614c0401fe0363b09804f98fb4.jpg
