object_id,class_id,class_name,bbox,area_m2,area_ft2,file
485,2,House,"[0, 1355, 59.357, 1510.552]",110.90952070545897,1193.81898992149,888_jpg.rf.d9e49ae53f730085feaf22ac3c654bc4.jpg
486,2,House,"[1, 849, 92.368, 1171.01]",365.358978126123,3932.6875046517753,888_jpg.rf.d9e49ae53f730085feaf22ac3c654bc4.jpg
487,2,House,"[743, 1327, 943.078, 1656.3519999999999]",723.9392107166991,7792.409270233477,888_jpg.rf.d9e49ae53f730085feaf22ac3c654bc4.jpg
489,1,Garage,"[1019, 1285, 1109.035, 1360.189]",92.46825160080077,995.3190134058593,888_jpg.rf.d9e49ae53f730085feaf22ac3c654bc4.jpg
490,2,House,"[1995, 984, 2046.115, 1080.365]",57.5885245724414,619.877119645302,888_jpg.rf.d9e49ae53f730085feaf22ac3c654bc4.jpg
491,2,House,"[1481, 118, 1691.369, 219.75799999999998]",235.14543888420894,2531.0819896057365,888_jpg.rf.d9e49ae53f730085feaf22ac3c654bc4.jpg
492,1,Garage,"[1686, 259, 1737.99, 311.118]",20.76761132253906,223.5404915146782,888_jpg.rf.d9e49ae53f730085feaf22ac3c654bc4.jpg
