object_id,class_id,class_name,bbox,area_m2,area_ft2,file
413,2,House,"[1243, 1425, 1329.744, 1537]",137.57772189189453,1480.8728406721634,897_jpg.rf.c82eeb1bf553c5e318dd0c14f04ff965.jpg
414,2,House,"[1226, 892, 1322.354, 1014.379]",137.59312813174802,1481.0386718973225,897_jpg.rf.c82eeb1bf553c5e318dd0c14f04ff965.jpg
416,2,House,"[633, 911, 741.403, 1008.33]",85.13488143052733,916.3833502300531,897_jpg.rf.c82eeb1bf553c5e318dd0c14f04ff965.jpg
417,2,House,"[348, 304, 495.942, 454.88599999999997]",162.18148693795897,1745.7053072514964,897_jpg.rf.c82eeb1bf553c5e318dd0c14f04ff965.jpg
