object_id,class_id,class_name,bbox,area_m2,area_ft2,file
540,2,House,"[893, 284, 977.254, 532.4449999999999]",283.3361571460058,3049.8020619038916,8_png.rf.82e138e3b23d11b7c8999bfac4248f67.jpg
541,1,Garage,"[862, 103, 955.155, 167.89]",88.60128539756835,953.6953758908859,8_png.rf.82e138e3b23d11b7c8999bfac4248f67.jpg
542,1,Garage,"[1185, 161, 1335.672, 218.27]",125.25273000908201,1348.2078605447578,8_png.rf.82e138e3b23d11b7c8999bfac4248f67.jpg
543,1,Garage,"[1185, 9, 1306.669, 89.619]",146.88309076341795,1581.0349006683543,8_png.rf.82e138e3b23d11b7c8999bfac4248f67.jpg
