object_id,class_id,class_name,bbox,area_m2,area_ft2,file
509,2,House,"[700, 2, 785.719, 37.469]",40.65706697342773,437.62860319527874,902_jpg.rf.1fb8f2546c6e03a86a01811d64569b6c.jpg
510,2,House,"[250, 1334, 371.115, 1458.29]",117.36473520408202,1263.3022732632185,902_jpg.rf.1fb8f2546c6e03a86a01811d64569b6c.jpg
514,2,House,"[550, 1911, 667.77, 2033.669]",114.51458083118163,1232.6234966087559,902_jpg.rf.1fb8f2546c6e03a86a01811d64569b6c.jpg
515,2,House,"[637, 1114, 753.467, 1217.786]",122.51041931515624,1318.68990246641,902_jpg.rf.1fb8f2546c6e03a86a01811d64569b6c.jpg
516,2,House,"[985, 1561, 1102.152, 1680.336]",129.07347749275388,1389.3340043842534,902_jpg.rf.1fb8f2546c6e03a86a01811d64569b6c.jpg
517,2,House,"[1698, 943, 1844.462, 1103.869]",164.56945411525388,1771.409147151181,902_jpg.rf.1fb8f2546c6e03a86a01811d64569b6c.jpg
