object_id,class_id,class_name,bbox,area_m2,area_ft2,file
40,2,House,"[116, 150, 267.091, 237.856]",179.5597254927246,1932.7629292311383,904_jpg.rf.0abff94857c5b87a731733e1a51a27e3.jpg
41,2,House,"[1041, 0, 1141.728, 76.963]",83.70210112415037,900.9610462902422,904_jpg.rf.0abff94857c5b87a731733e1a51a27e3.jpg
42,2,House,"[1927, 45, 2014.766, 123.218]",99.04671601825194,1066.1289465488621,904_jpg.rf.0abff94857c5b87a731733e1a51a27e3.jpg
46,2,House,"[840, 1734, 952.5550000000001, 1851.955]",106.56496106676757,1147.0545844265794,904_jpg.rf.0abff94857c5b87a731733e1a51a27e3.jpg
47,2,House,"[841, 1287, 958.086, 1401.413]",109.83108391571288,1182.210804160342,904_jpg.rf.0abff94857c5b87a731733e1a51a27e3.jpg
49,2,House,"[845, 765, 956.858, 881.856]",112.7120507683203,1213.221243265123,904_jpg.rf.0abff94857c5b87a731733e1a51a27e3.jpg
50,2,House,"[336, 1030, 422.072, 1116.856]",111.35630166121092,1198.6280954511083,904_jpg.rf.0abff94857c5b87a731733e1a51a27e3.jpg
53,2,House,"[295, 1523, 416.96500000000003, 1646.83]",116.3633296136035,1252.5232436278666,904_jpg.rf.0abff94857c5b87a731733e1a51a27e3.jpg
54,2,House,"[293, 1940, 415.312, 2047.512]",112.57339460963865,1211.7287622386896,904_jpg.rf.0abff94857c5b87a731733e1a51a27e3.jpg
