object_id,class_id,class_name,bbox,area_m2,area_ft2,file
107,2,House,"[749, 849, 889.835, 972.4159999999999]",136.43766014273436,1468.6013300103782,909_jpg.rf.db799cc9b89f6cea980befcf656e9589.jpg
