object_id,class_id,class_name,bbox,area_m2,area_ft2,file
279,2,House,"[199, 1073, 368.568, 1176.696]",192.08499849363278,2067.583715285614,910_jpg.rf.85ee82e456d98dea55208f54219f177b.jpg
280,2,House,"[505, 233, 583.926, 345.778]",107.07336698193357,1152.5270148568347,910_jpg.rf.85ee82e456d98dea55208f54219f177b.jpg
281,2,House,"[1474, 398, 1573.754, 514.658]",136.06791038625,1464.6213806065562,910_jpg.rf.85ee82e456d98dea55208f54219f177b.jpg
282,2,House,"[1394, 785, 1514.468, 894.456]",115.13083042532226,1239.2567456151262,910_jpg.rf.85ee82e456d98dea55208f54219f177b.jpg
283,2,House,"[1382, 1466, 1470.245, 1594.179]",134.06509920529297,1443.0633213358528,910_jpg.rf.85ee82e456d98dea55208f54219f177b.jpg
