object_id,class_id,class_name,bbox,area_m2,area_ft2,file
12,2,House,"[331, 28, 441.149, 103.778]",123.38857498680663,1328.1422823004878,921_jpg.rf.72dd456826967120fb37f3af828c8d14.jpg
13,1,Garage,"[598, 34, 675.24, 139.115]",120.13785837771484,1293.1518937918847,921_jpg.rf.72dd456826967120fb37f3af828c8d14.jpg
14,2,House,"[1079, 66, 1190.758, 145.91]",124.65188665479491,1341.7404427635468,921_jpg.rf.72dd456826967120fb37f3af828c8d14.jpg
15,1,Garage,"[1909, 58, 1961.157, 111.306]",38.40775595481445,413.4172443220272,921_jpg.rf.72dd456826967120fb37f3af828c8d14.jpg
16,2,House,"[2015, 48, 2047.966, 114.086]",31.736854098242183,341.612323828069,921_jpg.rf.72dd456826967120fb37f3af828c8d14.jpg
20,2,House,"[1997, 883, 2047.597, 960.947]",53.567495970673825,576.595169878736,921_jpg.rf.72dd456826967120fb37f3af828c8d14.jpg
22,2,House,"[482, 1586, 621.39, 1722.904]",136.23737902463864,1466.4455240833079,921_jpg.rf.72dd456826967120fb37f3af828c8d14.jpg
23,2,House,"[1184, 1394, 1334.414, 1566.035]",196.6298392504199,2116.503926707595,921_jpg.rf.72dd456826967120fb37f3af828c8d14.jpg
