object_id,class_id,class_name,bbox,area_m2,area_ft2,file
156,2,House,"[348, 147, 452.077, 234.49599999999998]",113.57480020011717,1222.5077918740412,925_jpg.rf.52b7e091dc22a6066e56fd64cf65d413.jpg
157,2,House,"[726, 212, 848.099, 283.259]",129.04266501304687,1389.0023419339352,925_jpg.rf.52b7e091dc22a6066e56fd64cf65d413.jpg
158,2,House,"[1209, 243, 1317.584, 317.869]",121.80173228189452,1311.0616661090844,925_jpg.rf.52b7e091dc22a6066e56fd64cf65d413.jpg
161,2,House,"[1503, 826, 1587.138, 908.531]",100.80302736155272,1085.0337062170172,925_jpg.rf.52b7e091dc22a6066e56fd64cf65d413.jpg
163,2,House,"[1136, 802, 1221.176, 882.062]",96.08871796637695,1034.2893513182848,925_jpg.rf.52b7e091dc22a6066e56fd64cf65d413.jpg
165,2,House,"[743, 800, 830.544, 882.142]",100.7876211216992,1084.8678749918581,925_jpg.rf.52b7e091dc22a6066e56fd64cf65d413.jpg
