object_id,class_id,class_name,bbox,area_m2,area_ft2,file
29,2,House,"[245, 1093, 353.538, 1210.587]",132.5244752199414,1426.4801988199272,930_jpg.rf.ebfe537878857b78e838fa2046f5ccab.jpg
30,2,House,"[331, 1437, 428.573, 1543.453]",108.36749112962889,1166.4568377702124,930_jpg.rf.ebfe537878857b78e838fa2046f5ccab.jpg
31,2,House,"[431, 1889, 534.603, 2015.622]",136.54550382170896,1469.7621485864931,930_jpg.rf.ebfe537878857b78e838fa2046f5ccab.jpg
32,2,House,"[1138, 1110, 1233.73, 1219.744]",113.46695652114256,1221.3469732979263,930_jpg.rf.ebfe537878857b78e838fa2046f5ccab.jpg
34,2,House,"[1114, 399, 1243.368, 506.002]",141.4909068146875,1522.9939718626147,930_jpg.rf.ebfe537878857b78e838fa2046f5ccab.jpg
36,2,House,"[1527, 542, 1636.085, 669.976]",138.99509595841795,1496.1293133868148,930_jpg.rf.ebfe537878857b78e838fa2046f5ccab.jpg
37,2,House,"[1639, 1001, 1734.381, 1120.158]",118.30451583514647,1273.4179779979331,930_jpg.rf.ebfe537878857b78e838fa2046f5ccab.jpg
38,2,House,"[1774, 1589, 1878.699, 1715.755]",142.7850309623828,1536.923794775992,930_jpg.rf.ebfe537878857b78e838fa2046f5ccab.jpg
