object_id,class_id,class_name,bbox,area_m2,area_ft2,file
494,2,House,"[177, 1078, 315.373, 1152.098]",134.0034742458789,1442.3999964352158,937_jpg.rf.876f8d83588adcad4b290adfd35c9264.jpg
495,2,House,"[572, 1760, 699.437, 1897.25]",133.17153729378904,1433.4451102766159,937_jpg.rf.876f8d83588adcad4b290adfd35c9264.jpg
496,2,House,"[832, 1112, 978.515, 1185.254]",148.8088707451074,1601.7638038132616,937_jpg.rf.876f8d83588adcad4b290adfd35c9264.jpg
498,2,House,"[1629, 1345, 1761.795, 1460.778]",133.49506833071288,1436.9275660049605,937_jpg.rf.876f8d83588adcad4b290adfd35c9264.jpg
