object_id,class_id,class_name,bbox,area_m2,area_ft2,file
115,2,House,"[121, 1028, 247.971, 1184.721]",151.5819939187402,1631.6134243419276,938_jpg.rf.8dc613a9df71b8d8e735c4fcb56a09fc.jpg
116,2,House,"[546, 1649, 666.563, 1802.811]",143.78643655286132,1547.702824411344,938_jpg.rf.8dc613a9df71b8d8e735c4fcb56a09fc.jpg
117,2,House,"[916, 727, 1050.982, 836.95]",145.2500293389453,1563.4567908014733,938_jpg.rf.8dc613a9df71b8d8e735c4fcb56a09fc.jpg
119,2,House,"[1073, 1475, 1219.997, 1623.405]",167.3425772888867,1801.2587676798476,938_jpg.rf.8dc613a9df71b8d8e735c4fcb56a09fc.jpg
121,2,House,"[1524, 910, 1680.211, 1013.043]",157.94477097824216,1700.1017203327008,938_jpg.rf.8dc613a9df71b8d8e735c4fcb56a09fc.jpg
