object_id,class_id,class_name,bbox,area_m2,area_ft2,file
426,2,House,"[1566, 1476, 1671.442, 1600.682]",146.0357475714746,1571.9141832845953,994_jpg.rf.57656254610d04ff44906dcb68335f7f.jpg
427,1,Garage,"[1465, 1596, 1544.386, 1691.672]",93.09990743479491,1002.1180936373889,994_jpg.rf.57656254610d04ff44906dcb68335f7f.jpg
428,2,House,"[280, 814, 403.443, 945.861]",120.84654541097655,1300.7801301492104,994_jpg.rf.57656254610d04ff44906dcb68335f7f.jpg
