object_id,class_id,class_name,bbox,area_m2,area_ft2,score,file
1,2,House,[ 931.5456   679.73535 1015.73773  789.24927],105.19380571980467,1132.2956053874054,0.994124710559845,1007_jpg.rf.5209db92fabd7374fba6e1fda1449438.jpg
2,2,House,[ 356.6106  1164.5574   439.53162 1303.5735 ],152.29068095200194,1639.2416606992535,0.9936821460723877,1007_jpg.rf.5209db92fabd7374fba6e1fda1449438.jpg
3,1,Garage,[   0.      1000.20844   69.72569 1074.2817 ],38.8545369105664,418.2263498516457,0.8510101437568665,1007_jpg.rf.5209db92fabd7374fba6e1fda1449438.jpg
