object_id,class_id,class_name,bbox,area_m2,area_ft2,score,file
0,2,House,[1481.6022 1073.8254 1612.055  1194.2212],130.3676016404492,1403.2638272976312,0.9962402582168579,1029_jpg.rf.cf264d5549afed490680c00fb7226bf9.jpg
1,2,House,[1871.1464   135.6687  1991.683    323.88458],223.71400891290037,2408.035220537568,0.9932017922401428,1029_jpg.rf.cf264d5549afed490680c00fb7226bf9.jpg
