object_id,class_id,class_name,bbox,area_m2,area_ft2,score,file
1,2,House,[2001.6213 1374.2952 2047.4531 1458.2871],42.05903480009765,452.71924468477107,0.9987896084785461,13_jpg.rf.e425d238ffba53619cea336a323f62eb.jpg
3,2,House,[137.9747  563.1464  287.2926  675.49347],157.92936473838864,1699.9358891075415,0.9974772334098816,13_jpg.rf.e425d238ffba53619cea336a323f62eb.jpg
4,2,House,[ 629.3937 1341.7738  769.0492 1454.0509],151.81308751654296,1634.1008927193168,0.996685802936554,13_jpg.rf.e425d238ffba53619cea336a323f62eb.jpg
5,2,House,[1198.3804  639.0254 1347.3442  748.9945],157.52880250219724,1695.6242772534008,0.9960655570030212,13_jpg.rf.e425d238ffba53619cea336a323f62eb.jpg
7,2,House,[1214.1094 1306.5476 1355.0251 1414.0061],150.81168192606444,1623.321863083965,0.9915465712547302,13_jpg.rf.e425d238ffba53619cea336a323f62eb.jpg
