object_id,class_id,class_name,bbox,area_m2,area_ft2,score,file
1,2,House,[1839.8372 1316.5795 1958.9966 1469.0719],149.57918273778319,1610.0553650712243,0.9973087310791016,161_jpg.rf.0340751a5ddf7ef0d1862c44595524bc.jpg
2,2,House,[ 964.95526  985.30475 1079.2723  1140.2834 ],150.65761952752928,1621.6635508323723,0.9966737031936646,161_jpg.rf.0340751a5ddf7ef0d1862c44595524bc.jpg
3,2,House,[1560.596    286.7321  1693.9692   425.64163],144.78784214333982,1558.4818540466954,0.9965484738349915,161_jpg.rf.0340751a5ddf7ef0d1862c44595524bc.jpg
4,2,House,[1108.345  1533.9457 1254.803  1667.7245],147.43771539814452,1587.0048247740876,0.9943829774856567,161_jpg.rf.0340751a5ddf7ef0d1862c44595524bc.jpg
