object_id,class_id,class_name,bbox,area_m2,area_ft2,score,file
1,2,House,[1623.4648   411.1101  1757.6353   549.35333],151.90552495566405,1635.0958800702722,0.9887063503265381,164_jpg.rf.c43184ed87a9b646ee011a4e63493c96.jpg
