object_id,class_id,class_name,bbox,area_m2,area_ft2,score,file
1,2,House,[1278.1641 1613.8594 1393.9031 1687.7891],126.39279175824217,1360.4793712065427,0.9942643046379089,165_jpg.rf.93cfda9f95cd8eae5902612f1f1e5582.jpg
3,2,House,[160.9493 739.4737 301.3354 885.9578],150.51896336884764,1620.171069805939,0.9874154925346375,165_jpg.rf.93cfda9f95cd8eae5902612f1f1e5582.jpg
