object_id,class_id,class_name,bbox,area_m2,area_ft2,score,file
2,2,House,[1509.4535   135.77531 1602.5802   291.1369 ],174.7529786584277,1881.0235869814499,0.9850366711616516,169_jpg.rf.cab1340940f7d2ade489a446a1ad02b5.jpg
