object_id,class_id,class_name,bbox,area_m2,area_ft2,score,file
0,1,Garage,[1139.5911   831.68146 1272.687    917.6611 ],152.90693054614255,1645.8749097056236,0.9781635403633118,1_png.rf.8816b2e50d4bf39586804a48aae14ce1.jpg
1,2,House,[1628.0518  577.085  1729.1453  709.087 ],183.45750417566404,1974.71822919643,0.96886146068573,1_png.rf.8816b2e50d4bf39586804a48aae14ce1.jpg
2,1,Garage,[1632.8851   856.1907  1698.8883   932.10925],67.51014303810545,726.6724286478633,0.8974161148071289,1_png.rf.8816b2e50d4bf39586804a48aae14ce1.jpg
3,1,Garage,[1702.0841 1231.036  1741.5768 1297.6132],37.12903804697265,399.6532526338089,0.8625087141990662,1_png.rf.8816b2e50d4bf39586804a48aae14ce1.jpg
4,1,Garage,[1648.8258   857.7361  1695.5905   931.58936],44.78593925416992,482.0713715379596,0.6168326735496521,1_png.rf.8816b2e50d4bf39586804a48aae14ce1.jpg
5,1,Garage,[1275.81   1065.1224 1332.624  1111.6976],35.6962577405957,384.230948693998,0.5041593313217163,1_png.rf.8816b2e50d4bf39586804a48aae14ce1.jpg
6,1,Garage,[1710.8618 1232.0181 1738.0911 1298.4224],26.591169987167966,286.22469462487726,0.48811864852905273,1_png.rf.8816b2e50d4bf39586804a48aae14ce1.jpg
