object_id,class_id,class_name,bbox,area_m2,area_ft2,score,file
0,1,Garage,[1375.6461   431.90805 1485.8114   557.13654],204.3175529373242,2199.2537080620637,0.9835121035575867,21_png.rf.f54f6df79a8cfe5fa1eff5190e0d95c6.jpg
1,2,House,[7.7003809e+02 8.0281496e-01 8.7793445e+02 1.1959997e+01],17.193363676523436,185.0676472777306,0.9742214679718018,21_png.rf.f54f6df79a8cfe5fa1eff5190e0d95c6.jpg
2,2,House,[ 903.2479  617.5272 1185.9161  705.3168],351.61661217678704,3784.7660518097177,0.930035412311554,21_png.rf.f54f6df79a8cfe5fa1eff5190e0d95c6.jpg
3,1,Garage,[761.5035  372.6818  888.74615 585.0422 ],332.8672182750586,3582.949450790903,0.8677154779434204,21_png.rf.f54f6df79a8cfe5fa1eff5190e0d95c6.jpg
4,1,Garage,[878.58966 731.5127  920.8486  776.027  ],27.3152632602832,294.01876220736233,0.5203597545623779,21_png.rf.f54f6df79a8cfe5fa1eff5190e0d95c6.jpg
