object_id,class_id,class_name,bbox,area_m2,area_ft2,score,file
1,2,House,[679.69037   0.      765.9317   94.26536],102.32824510705076,1101.4509975077835,0.997657299041748,220_jpg.rf.8acb8fa7e310852eed3caed4e3c96399.jpg
3,2,House,[ 938.5759 1330.68   1080.2507 1532.2557],277.1120362451855,2982.8062469395522,0.9954547882080078,220_jpg.rf.8acb8fa7e310852eed3caed4e3c96399.jpg
4,2,House,[1926.8538 1841.653  2048.     1984.0165],152.12121231361326,1637.4175172225016,0.995335042476654,220_jpg.rf.8acb8fa7e310852eed3caed4e3c96399.jpg
5,2,House,[ 931.14734 1790.1392  1015.70105 1933.419  ],148.57777714730466,1599.2763354358726,0.9949867725372314,220_jpg.rf.8acb8fa7e310852eed3caed4e3c96399.jpg
6,2,House,[1902.549  1226.076  2019.3453 1363.9052],132.50906898008787,1426.3143675947679,0.994266927242279,220_jpg.rf.8acb8fa7e310852eed3caed4e3c96399.jpg
8,1,Garage,[784.151    90.64598 869.94556 168.34428],81.2525089874414,874.5938814899205,0.9865026473999023,220_jpg.rf.8acb8fa7e310852eed3caed4e3c96399.jpg
11,1,Garage,[1008.5211 1687.2247 1077.9349 1774.2445],69.6207978980371,749.3913064946814,0.8726392984390259,220_jpg.rf.8acb8fa7e310852eed3caed4e3c96399.jpg
12,2,House,[2019.8671   768.4957  2048.       827.37866],8.119088402802733,87.39305565892833,0.3917258381843567,220_jpg.rf.8acb8fa7e310852eed3caed4e3c96399.jpg
