object_id,class_id,class_name,bbox,area_m2,area_ft2,score,file
0,2,House,[  0.      722.03687  92.31067 864.78516],120.13785837771484,1293.1518937918847,0.9981902241706848,221_jpg.rf.13ccb55ba8b6feee55e5441c5b751445.jpg
2,2,House,[ 562.4601  1671.7075   675.45544 1809.5579 ],128.8731963746582,1387.1781984571833,0.99776291847229,221_jpg.rf.13ccb55ba8b6feee55e5441c5b751445.jpg
3,2,House,[ 722.54724 1110.2837   821.44714 1240.6265 ],128.95022757392576,1388.0073545829794,0.9974581599235535,221_jpg.rf.13ccb55ba8b6feee55e5441c5b751445.jpg
5,2,House,[1355.9222 1203.037  1469.5236 1301.5712],160.96439398953123,1732.604640463915,0.9964101910591125,221_jpg.rf.13ccb55ba8b6feee55e5441c5b751445.jpg
6,2,House,[1772.6526   411.06244 1898.1843   539.18976],126.46982295750975,1361.308527332339,0.9964048862457275,221_jpg.rf.13ccb55ba8b6feee55e5441c5b751445.jpg
7,2,House,[ 877.7676   353.08084 1012.6659   450.1664 ],137.82422172955077,1483.5261402747115,0.9947745203971863,221_jpg.rf.13ccb55ba8b6feee55e5441c5b751445.jpg
