object_id,class_id,class_name,bbox,area_m2,area_ft2,score,file
2,2,House,[778.3534  631.41016 923.271   770.23584],146.9293094829785,1581.5323943438323,0.9959593415260315,222_jpg.rf.019e1da0e542803b2acc01990a7eaad8.jpg
4,2,House,[1340.0406   649.75604 1497.5275   770.83185],153.72346125837888,1654.6639646390643,0.9950020909309387,222_jpg.rf.019e1da0e542803b2acc01990a7eaad8.jpg
5,2,House,[ 640.57043 1356.9376   769.38965 1482.1383 ],126.716322795166,1363.961826934887,0.9948568344116211,222_jpg.rf.019e1da0e542803b2acc01990a7eaad8.jpg
7,2,House,[1886.2776 1108.7363 2009.449  1262.6404],154.01617981559568,1657.8147579170902,0.992742657661438,222_jpg.rf.019e1da0e542803b2acc01990a7eaad8.jpg
8,2,House,[1101.6595 1606.7732 1231.1954 1747.3799],152.32149343170897,1639.5733231495722,0.9905722737312317,222_jpg.rf.019e1da0e542803b2acc01990a7eaad8.jpg
