object_id,class_id,class_name,bbox,area_m2,area_ft2,score,file
1,2,House,[1347.8722   853.10516 1444.0067   985.12836],144.23321750861325,1552.511929940962,0.9956377148628235,234_jpg.rf.91d69f31e1067595e607e0263d51a3dc.jpg
2,2,House,[1087.6217 1519.4023 1207.8102 1664.6746],141.47550057483397,1522.8281406374554,0.9953861832618713,234_jpg.rf.91d69f31e1067595e607e0263d51a3dc.jpg
3,2,House,[  51.072502  947.40234   186.89911  1079.1346  ],154.1394297344238,1659.1414077183642,0.9953052997589111,234_jpg.rf.91d69f31e1067595e607e0263d51a3dc.jpg
5,2,House,[ 470.7633 1933.6354  599.5857 2048.    ],123.60426234475584,1330.4639194527174,0.995055079460144,234_jpg.rf.91d69f31e1067595e607e0263d51a3dc.jpg
6,2,House,[503.44006 579.309   640.829   716.24445],140.21218890684568,1509.2299801743961,0.9948124885559082,234_jpg.rf.91d69f31e1067595e607e0263d51a3dc.jpg
7,2,House,[ 987.2814   489.2625  1123.586    604.68146],136.40684766302732,1468.2696675600598,0.993046224117279,234_jpg.rf.91d69f31e1067595e607e0263d51a3dc.jpg
