object_id,class_id,class_name,bbox,area_m2,area_ft2,score,file
0,2,House,[304.18304 524.96655 448.61243 614.2882 ],148.57777714730466,1599.2763354358726,0.9828572273254395,242_jpg.rf.541f68797749f5c461ac608d320bdb8a.jpg
