object_id,class_id,class_name,bbox,area_m2,area_ft2,score,file
1,2,House,[ 457.85785 1805.8516   547.06934 1935.3433 ],130.02866436367185,1399.6155403441273,0.9948443174362183,295_jpg.rf.5b7d1ddc21bcec6f79e2cdb53e46e2d5.jpg
