object_id,class_id,class_name,bbox,area_m2,area_ft2,score,file
5,2,House,[197.19861 815.19275 330.11523 943.64   ],135.590316950791,1459.4806126266192,0.994010865688324,298_jpg.rf.2b95eeb47b7285b24970b6780ff409d3.jpg
6,1,Garage,[547.7797    52.655525 618.2293   111.04516 ],54.64593276041992,588.203355639884,0.9734319448471069,298_jpg.rf.2b95eeb47b7285b24970b6780ff409d3.jpg
7,1,Garage,[ 996.59686   37.16761 1119.7736   169.06183],133.40263089159177,1435.9325786540046,0.7989035844802856,298_jpg.rf.2b95eeb47b7285b24970b6780ff409d3.jpg
