object_id,class_id,class_name,bbox,area_m2,area_ft2,score,file
1,2,House,[465.01126 662.07336 593.5215  788.18005],125.88438584307616,1355.0069407762874,0.9979395270347595,311_jpg.rf.654702c9d970b9f84a06a889389b5628.jpg
2,2,House,[ 821.8575   930.15643  950.04376 1047.6104 ],134.08050544514646,1443.229152561012,0.9977381229400635,311_jpg.rf.654702c9d970b9f84a06a889389b5628.jpg
3,2,House,[   0.       1223.3792     92.395996 1327.7681  ],133.40263089159177,1435.9325786540046,0.9966296553611755,311_jpg.rf.654702c9d970b9f84a06a889389b5628.jpg
4,2,House,[1163.7599 1214.7441 1286.8905 1296.4001],133.47966209085936,1436.7617347798011,0.9960391521453857,311_jpg.rf.654702c9d970b9f84a06a889389b5628.jpg
