object_id,class_id,class_name,bbox,area_m2,area_ft2,score,file
2,2,House,[105.39575 882.2295  247.84363 972.60156],156.08061595596678,1680.0361420884308,0.9966037273406982,318_jpg.rf.428b30a807984742ca79086f7d7216e3.jpg
3,2,House,[1103.4603 1651.7377 1229.9471 1743.7118],146.5133410069336,1577.0549512645323,0.9953574538230896,318_jpg.rf.428b30a807984742ca79086f7d7216e3.jpg
4,2,House,[688.35547 861.15265 838.43726 948.3577 ],162.24311189737304,1746.3686321521336,0.9948521256446838,318_jpg.rf.428b30a807984742ca79086f7d7216e3.jpg
6,2,House,[ 665.9808 1629.736   793.9981 1716.2089],149.02455810305662,1604.085440965491,0.9936239719390869,318_jpg.rf.428b30a807984742ca79086f7d7216e3.jpg
7,2,House,[1900.688    641.39014 2036.1628   751.39465],142.56934360443358,1534.6021576237627,0.993453860282898,318_jpg.rf.428b30a807984742ca79086f7d7216e3.jpg
8,2,House,[1222.0828  810.2884 1363.665   935.0195],153.12261790409178,1648.1965468578535,0.9925906658172607,318_jpg.rf.428b30a807984742ca79086f7d7216e3.jpg
