object_id,class_id,class_name,bbox,area_m2,area_ft2,score,file
1,2,House,[1339.4517   476.16345 1432.865    604.6587 ],134.95866111679686,1452.6815323950898,0.9944827556610107,347_jpg.rf.eab00f98c833ba3fc0fff0cf14631ff3.jpg
2,1,Garage,[1519.6083 1789.9075 1618.6388 1903.7043],124.5440429758203,1340.579624187432,0.9923540353775024,347_jpg.rf.eab00f98c833ba3fc0fff0cf14631ff3.jpg
3,2,House,[1418.0914 1406.6237 1523.6725 1586.7533],225.9325074518066,2431.914916960501,0.9918075203895569,347_jpg.rf.eab00f98c833ba3fc0fff0cf14631ff3.jpg
