object_id,class_id,class_name,bbox,area_m2,area_ft2,score,file
0,2,House,[548.289       1.4994822 625.1611     26.602448 ],14.897833938349608,160.35879472900135,0.989004909992218,352_jpg.rf.597bb612ceef78949b0c2e790a8a5434.jpg
1,1,Garage,[279.80426 289.59183 406.04114 443.38083],165.12407874998044,1777.3790712569144,0.39734986424446106,352_jpg.rf.597bb612ceef78949b0c2e790a8a5434.jpg
