object_id,class_id,class_name,bbox,area_m2,area_ft2,score,file
1,2,House,[ 787.77814 1169.4269   907.2541  1265.5033 ],117.82692239968749,1268.2772100179961,0.996684730052948,373_jpg.rf.0eee77c14d73705ab9f5312908c7b0ee.jpg
2,2,House,[1760.3965 1072.4572 1875.0911 1172.7621],115.88573617814451,1247.3824756479296,0.996178150177002,373_jpg.rf.0eee77c14d73705ab9f5312908c7b0ee.jpg
3,2,House,[1186.7098   836.1715  1310.0812   922.47656],114.1910497942578,1229.1410408804113,0.9954860806465149,373_jpg.rf.0eee77c14d73705ab9f5312908c7b0ee.jpg
4,1,Garage,[ 694.3421  1841.6324   788.69745 1919.5885 ],62.503115085712885,672.7772804711049,0.9951221346855164,373_jpg.rf.0eee77c14d73705ab9f5312908c7b0ee.jpg
