object_id,class_id,class_name,bbox,area_m2,area_ft2,score,file
0,2,House,[1229.5992   690.02686 1377.3339   768.70325],159.6548636019824,1718.5089863253784,0.9965456128120422,3_png.rf.6a016f60daec9082f0fd6f91450474d2.jpg
1,1,Garage,[848.46063 853.6904  972.9334  939.44934],154.30889837281248,1660.9655511951162,0.9589350819587708,3_png.rf.6a016f60daec9082f0fd6f91450474d2.jpg
4,1,Garage,[1110.4751   945.44086 1142.3511   976.90436],13.865615868164062,149.24810264333112,0.3165736496448517,3_png.rf.6a016f60daec9082f0fd6f91450474d2.jpg
