object_id,class_id,class_name,bbox,area_m2,area_ft2,score,file
0,1,Garage,[1785.9822 1598.6841 1871.0222 1691.4636],81.00600914978514,871.9405818873722,0.9971306920051575,41_png.rf.fd66fc82fa25c9f604a5f4c4f52d41da.jpg
1,2,House,[1009.52435 1310.3578  1168.4675  1439.9296 ],202.59205407373045,2180.680610844227,0.9943228960037231,41_png.rf.fd66fc82fa25c9f604a5f4c4f52d41da.jpg
2,2,House,[1625.4769 1558.5575 1778.2142 1668.2557],168.35938911921872,1812.2036285403583,0.9941816926002502,41_png.rf.fd66fc82fa25c9f604a5f4c4f52d41da.jpg
3,2,House,[1158.2886 1047.5785 1308.1323 1149.08  ],162.0274245394238,1744.0469949999037,0.991549015045166,41_png.rf.fd66fc82fa25c9f604a5f4c4f52d41da.jpg
4,2,House,[1981.9728 1590.817  2046.4283 1732.3707],98.69237250162108,1062.3148283701992,0.9861599802970886,41_png.rf.fd66fc82fa25c9f604a5f4c4f52d41da.jpg
5,2,House,[1340.3907 1937.8276 1514.6593 2047.2363],166.03304690133788,1787.1631135413108,0.9859894514083862,41_png.rf.fd66fc82fa25c9f604a5f4c4f52d41da.jpg
6,1,Garage,[1230.5674 1944.9313 1332.1726 2033.2281],89.86459706555662,967.2935363539449,0.9404309391975403,41_png.rf.fd66fc82fa25c9f604a5f4c4f52d41da.jpg
10,1,Garage,[1349.5038 1118.8876 1444.7557 1225.747 ],97.24418595539062,1046.7266932052291,0.8360562324523926,41_png.rf.fd66fc82fa25c9f604a5f4c4f52d41da.jpg
