object_id,class_id,class_name,bbox,area_m2,area_ft2,score,file
0,1,Garage,[ 690.66254 1560.3601   882.1148  1700.3528 ],281.3949709244629,3028.907327533826,0.9979894161224365,451_jpg.rf.51f9e769ba8d94b7cf772c02a5c8d15c.jpg
1,1,Garage,[1741.9181 1857.275  1810.768  1945.4921],57.912055609365225,623.3595753736463,0.9973050355911255,451_jpg.rf.51f9e769ba8d94b7cf772c02a5c8d15c.jpg
2,1,Garage,[ 975.8754 1891.8231 1139.5625 1982.7736],196.79930788880856,2118.3280701843464,0.997238039970398,451_jpg.rf.51f9e769ba8d94b7cf772c02a5c8d15c.jpg
