object_id,class_id,class_name,bbox,area_m2,area_ft2,score,file
0,2,House,[1763.5992  656.3151 2032.2426  757.3371],378.4850944813183,4073.975708487462,0.9901508092880249,4_png.rf.496bc30392d7d6656e0ca776b48aedd5.jpg
