object_id,class_id,class_name,bbox,area_m2,area_ft2,score,file
0,2,House,[780.039  711.3639 976.1142 873.3943],415.2289765319531,4469.48318049229,0.9929789900779724,512_jpg.rf.ad6144f8bca434163cad3bf8570f716f.jpg
1,2,House,[504.4892  696.62537 710.05426 955.1129 ],424.79625148098626,4572.464371316188,0.9712536334991455,512_jpg.rf.ad6144f8bca434163cad3bf8570f716f.jpg
2,2,House,[399.01022 662.1204  491.02762 775.1004 ],125.29894872864256,1348.7053542202357,0.9625501036643982,512_jpg.rf.ad6144f8bca434163cad3bf8570f716f.jpg
4,2,House,[706.5221  175.89937 823.55286 334.94592],216.59632610057614,2331.4211945139914,0.9299124479293823,512_jpg.rf.ad6144f8bca434163cad3bf8570f716f.jpg
5,1,Garage,[569.22455 409.48605 620.8504  449.64877],26.19060775097656,281.9130827707366,0.8263791799545288,512_jpg.rf.ad6144f8bca434163cad3bf8570f716f.jpg
7,2,House,[ 731.022   1144.1576   828.91846 1304.6627 ],194.71946550858397,2095.940854787847,0.8014923334121704,512_jpg.rf.ad6144f8bca434163cad3bf8570f716f.jpg
8,1,Garage,[575.84924 130.9946  653.3657  209.74393],73.82670137804686,794.6632309631586,0.7870274186134338,512_jpg.rf.ad6144f8bca434163cad3bf8570f716f.jpg
