object_id,class_id,class_name,bbox,area_m2,area_ft2,score,file
0,1,Garage,[1360.196     58.80945 1502.9319   196.5603 ],194.6732467890234,2095.443361112369,0.9972344040870667,52_png.rf.6c39aa06bc1970798cdc5ddd5a0315ca.jpg
1,2,House,[ 918.8887   520.8099  1127.5667   657.38153],372.1993486210839,4006.316568622485,0.9956843852996826,52_png.rf.6c39aa06bc1970798cdc5ddd5a0315ca.jpg
3,1,Garage,[221.70973 647.64746 298.1089  706.037  ],62.8112398827832,676.09390497429,0.9937042593955994,52_png.rf.6c39aa06bc1970798cdc5ddd5a0315ca.jpg
4,2,House,[165.59921 414.96234 273.5668  562.88403],187.33987661874997,2016.5076979365626,0.9931964874267578,52_png.rf.6c39aa06bc1970798cdc5ddd5a0315ca.jpg
5,2,House,[498.0091   34.52029 573.2447  153.55917],119.35214014518553,1284.6945013087625,0.9912862181663513,52_png.rf.6c39aa06bc1970798cdc5ddd5a0315ca.jpg
6,1,Garage,[1577.4287     0.      1688.0632    96.04005],128.51885285802732,1383.36408027852,0.915719211101532,52_png.rf.6c39aa06bc1970798cdc5ddd5a0315ca.jpg
7,2,House,[1708.7523   248.43161 1794.2074   417.42654],209.40161208898434,2253.9780123646183,0.9039135575294495,52_png.rf.6c39aa06bc1970798cdc5ddd5a0315ca.jpg
