object_id,class_id,class_name,bbox,area_m2,area_ft2,score,file
0,2,House,[ 816.5439  1577.7206   929.10394 1713.1942 ],124.1588869794824,1336.4338435584507,0.9959795475006104,568_jpg.rf.a529053fb530e4829f9291dcb731140c.jpg
1,2,House,[ 186.67572 1954.423    340.7458  2048.     ],165.04704755071288,1776.5499151311183,0.9943509101867676,568_jpg.rf.a529053fb530e4829f9291dcb731140c.jpg
