object_id,class_id,class_name,bbox,area_m2,area_ft2,score,file
0,2,House,[   0.      1345.801     49.55616 1416.0183 ],49.73134224714843,535.303194814081,0.9950076341629028,581_jpg.rf.14a28bfda5556649d9ec61abc10b8654.jpg
1,1,Garage,[ 241.10265 1508.9285   335.62408 1672.7383 ],226.50253832638668,2438.0506722913933,0.9573879241943359,581_jpg.rf.14a28bfda5556649d9ec61abc10b8654.jpg
2,1,Garage,[ 126.40866 1619.1008   164.99597 1670.0547 ],27.09957590233398,291.69712505513274,0.7774389982223511,581_jpg.rf.14a28bfda5556649d9ec61abc10b8654.jpg
3,2,House,[ 233.97461 1337.7925   334.14478 1490.47   ],204.25592797791012,2198.5903831614264,0.675015926361084,581_jpg.rf.14a28bfda5556649d9ec61abc10b8654.jpg
