object_id,class_id,class_name,bbox,area_m2,area_ft2,score,file
2,2,House,[1860.0227  385.8998 1985.1084  571.8348],224.70000826352538,2418.6484189477605,0.9865816831588745,589_jpg.rf.cc8b5e612c48681369e65b06d5086573.jpg
3,2,House,[1.9801335e+03 4.3638611e-01 2.0464912e+03 1.3514250e+02],91.5130647298828,985.0374774459855,0.9841098189353943,589_jpg.rf.cc8b5e612c48681369e65b06d5086573.jpg
4,2,House,[1417.1552   391.58994 1554.5963   537.4663 ],216.42685746218748,2329.59705103724,0.983123779296875,589_jpg.rf.cc8b5e612c48681369e65b06d5086573.jpg
5,2,House,[1715.775       0.       1907.3522     57.709663],96.30440532432615,1036.6109884705143,0.9700250625610352,589_jpg.rf.cc8b5e612c48681369e65b06d5086573.jpg
6,2,House,[1559.9933    0.     1680.829    88.5074],107.33527305944335,1155.3461456845423,0.9545866847038269,589_jpg.rf.cc8b5e612c48681369e65b06d5086573.jpg
8,2,House,[1477.7341      0.       1550.6978     71.168304],62.62636500454101,674.1039302723789,0.8378710150718689,589_jpg.rf.cc8b5e612c48681369e65b06d5086573.jpg
10,2,House,[1.4912836e+03 6.4103699e-01 1.6850892e+03 8.5722923e+01],158.4531768934082,1705.5741507629564,0.5282735228538513,589_jpg.rf.cc8b5e612c48681369e65b06d5086573.jpg
11,2,House,[1.6625437e+03 9.1540909e-01 1.9012380e+03 7.3083649e+01],94.08590678541991,1012.7312920475813,0.3062596917152405,589_jpg.rf.cc8b5e612c48681369e65b06d5086573.jpg
