object_id,class_id,class_name,bbox,area_m2,area_ft2,score,file
0,2,House,[ 675.9943 1505.7489  834.8377 1583.0563],156.7893029892285,1687.6643784457567,0.993358314037323,60_png.rf.054d7c124be6d1ff0409790e8f32f918.jpg
2,2,House,[ 45.579147 156.54478  327.44568  274.5536  ],428.03156185022453,4607.288928599632,0.9866626858711243,60_png.rf.054d7c124be6d1ff0409790e8f32f918.jpg
3,2,House,[435.84485 639.6313  665.2549  758.18536],405.55385790394524,4365.341171092276,0.9813721179962158,60_png.rf.054d7c124be6d1ff0409790e8f32f918.jpg
4,2,House,[647.849      4.101921 819.86084  187.10748 ],256.6833621994238,2762.914042378378,0.9753966331481934,60_png.rf.054d7c124be6d1ff0409790e8f32f918.jpg
6,1,Garage,[567.9212  144.6448  625.19025 217.97464],47.62068738721679,512.5843169672628,0.9593459367752075,60_png.rf.054d7c124be6d1ff0409790e8f32f918.jpg
12,2,House,[632.0275     1.259882 818.78815   54.286423],56.43305658342773,607.4397777583576,0.33292078971862793,60_png.rf.054d7c124be6d1ff0409790e8f32f918.jpg
