object_id,class_id,class_name,bbox,area_m2,area_ft2,score,file
0,1,Garage,[572.2718  105.0483  632.9694  223.78128],95.44165589252928,1027.324439861596,0.9875974059104919,618_jpg.rf.98c19ae8bf7e0162f7ddf10e502311df.jpg
1,2,House,[352.83337    0.       504.9361    50.739067],106.99633578266601,1151.6978587310387,0.9552999138832092,618_jpg.rf.98c19ae8bf7e0162f7ddf10e502311df.jpg
2,2,House,[3.5949957e+02 3.3422661e-01 5.0234491e+02 3.4389992e+01],72.85610826727539,784.2158637781255,0.453764408826828,618_jpg.rf.98c19ae8bf7e0162f7ddf10e502311df.jpg
