object_id,class_id,class_name,bbox,area_m2,area_ft2,score,file
0,1,Garage,[1804.6504 1719.1113 1918.6794 1807.3823],135.6057231906445,1459.6464438517785,0.9965198040008545,61_png.rf.e05980fced432e407e862a115bf76fcc.jpg
1,2,House,[1367.995  1575.4265 1614.8339 1717.0522],340.3854633235742,3663.87508866862,0.9888849258422852,61_png.rf.e05980fced432e407e862a115bf76fcc.jpg
