object_id,class_id,class_name,bbox,area_m2,area_ft2,score,file
1,1,Garage,[816.9334  204.55737 979.52325 473.18787],637.1250491421386,6857.950316461065,0.991536021232605,623_jpg.rf.fb4ecdb899aaf68a3de7189a9c8f8585.jpg
