object_id,class_id,class_name,bbox,area_m2,area_ft2,score,file
0,2,House,[ 660.6084  1094.7452   887.94775 1224.7413 ],303.39508143528315,3265.714317061244,0.9964140057563782,63_png.rf.0935a9d887dcc3ea88310bd940496c32.jpg
1,1,Garage,[ 623.3027 1450.3433  743.9439 1595.0188],241.38496602488277,2598.2436357952356,0.8583838939666748,63_png.rf.0935a9d887dcc3ea88310bd940496c32.jpg
