object_id,class_id,class_name,bbox,area_m2,area_ft2,score,file
0,1,Garage,[677.9373  185.68814 745.5253  250.34662],61.64036565391601,663.4907318621865,0.9874818325042725,65_png.rf.8ca3359e59cd008a06f07455c8b5be8d.jpg
1,1,Garage,[669.393   324.32758 760.9517  423.10016],113.57480020011717,1222.5077918740412,0.9842118620872498,65_png.rf.8ca3359e59cd008a06f07455c8b5be8d.jpg
2,1,Garage,[827.7279    64.968414 886.7914   137.27345 ],59.59133575339843,641.4351789160054,0.9805809259414673,65_png.rf.8ca3359e59cd008a06f07455c8b5be8d.jpg
3,1,Garage,[ 900.01373  545.5083  1022.3027   655.28687],184.05834752995116,1981.1856469776412,0.9683883786201477,65_png.rf.8ca3359e59cd008a06f07455c8b5be8d.jpg
6,1,Garage,[ 933.7704   542.45135 1020.1897   655.5407 ],134.95866111679686,1452.6815323950898,0.6362978219985962,65_png.rf.8ca3359e59cd008a06f07455c8b5be8d.jpg
7,2,House,[1011.372    103.01549 1107.2773   258.9618 ],204.37917789673827,2199.917032962701,0.5707889795303345,65_png.rf.8ca3359e59cd008a06f07455c8b5be8d.jpg
8,1,Garage,[550.1949  341.76215 588.4284  376.97717],18.54911278363281,199.6607950917452,0.4939907491207123,65_png.rf.8ca3359e59cd008a06f07455c8b5be8d.jpg
