object_id,class_id,class_name,bbox,area_m2,area_ft2,score,file
1,2,House,[1502.0243 1979.9585 1608.826  2001.7024],14.974865137617186,161.18795085479763,0.8758010268211365,672_jpg.rf.bb7a917cb2bea9fb7a5304e84e7b39ac.jpg
2,2,House,[2.4486828e-01 2.0239110e+03 2.0664097e+01 2.0467755e+03],5.084059151660155,54.72430430255474,0.8348042964935303,672_jpg.rf.bb7a917cb2bea9fb7a5304e84e7b39ac.jpg
3,2,House,[1137.61   1918.7944 1196.3138 1998.2891],48.7145304168164,524.3583339535701,0.7360808253288269,672_jpg.rf.bb7a917cb2bea9fb7a5304e84e7b39ac.jpg
4,2,House,[1503.8523 1977.1282 1589.1582 2000.7124],14.697552820253904,158.20298880193099,0.3840186595916748,672_jpg.rf.bb7a917cb2bea9fb7a5304e84e7b39ac.jpg
