object_id,class_id,class_name,bbox,area_m2,area_ft2,score,file
0,2,House,[1988.2714   804.39435 2047.1849   909.45013],82.88557041191405,892.1719913568015,0.9954383969306946,676_jpg.rf.78cd480550bf51bda9c0264d5eb56da6.jpg
