object_id,class_id,class_name,bbox,area_m2,area_ft2,score,file
0,2,House,[ 341.98624  912.8374   449.21402 1012.2744 ],143.94049895139648,1549.3611366629366,0.9969919919967651,688_jpg.rf.e2bdcba3c58dfa32d6ad386c94d943b9.jpg
1,1,Garage,[ 496.44348 1058.964    567.703   1117.6849 ],48.899405295058585,526.3483086554811,0.9452458620071411,688_jpg.rf.e2bdcba3c58dfa32d6ad386c94d943b9.jpg
