object_id,class_id,class_name,bbox,area_m2,area_ft2,score,file
1,2,House,[528.2422    97.498245 688.8412   302.62292 ],273.3683199607812,2942.509259225853,0.9716240167617798,6_png.rf.06d13dcc9a70a5a0cc46f7a66b71a2de.jpg
2,2,House,[ 52.90255   0.      156.96204 151.44867],206.87498875300778,2226.7816914385003,0.9684934616088867,6_png.rf.06d13dcc9a70a5a0cc46f7a66b71a2de.jpg
3,2,House,[ 0.          0.56480026 58.53413    83.06909   ],49.762154726855464,535.6348572643996,0.8318530321121216,6_png.rf.06d13dcc9a70a5a0cc46f7a66b71a2de.jpg
4,2,House,[ 0.         1.0033789 56.724808  29.938583 ],24.21860904972656,260.6866859503517,0.8186200261116028,6_png.rf.06d13dcc9a70a5a0cc46f7a66b71a2de.jpg
