object_id,class_id,class_name,bbox,area_m2,area_ft2,score,file
0,1,Garage,[ 323.2751  1629.7703   447.19244 1826.0535 ],219.3232305546484,2360.77332136718,0.9961148500442505,713_jpg.rf.599b273bee7ff329dfcdcdc0b0cdd139.jpg
3,1,Garage,[ 451.68103 1586.8232   594.0581  1775.886  ],265.9425123513867,2862.578608699091,0.98843914270401,713_jpg.rf.599b273bee7ff329dfcdcdc0b0cdd139.jpg
11,2,House,[ 127.62741 1104.5125   254.62036 1172.4436 ],80.34354083608397,864.8098392055242,0.8812047839164734,713_jpg.rf.599b273bee7ff329dfcdcdc0b0cdd139.jpg
19,2,House,[ 122.214676  959.41205   185.22813  1022.8189  ],48.313968180625,520.0467220994294,0.5683826208114624,713_jpg.rf.599b273bee7ff329dfcdcdc0b0cdd139.jpg
20,1,Garage,[1031.7714 1011.9066 1102.8275 1129.2157],68.32667375034178,735.4614835813039,0.5317328572273254,713_jpg.rf.599b273bee7ff329dfcdcdc0b0cdd139.jpg
