object_id,class_id,class_name,bbox,area_m2,area_ft2,score,file
0,1,Garage,[1920.5916   433.20956 2009.9617   560.31586],159.68567608168942,1718.8406487756968,0.9987255930900574,723_jpg.rf.7ac3b561831918dea8aa20c9fc683240.jpg
1,1,Garage,[ 461.31332  934.8405   582.2693  1028.5168 ],143.44749927608396,1544.05453745784,0.996699869632721,723_jpg.rf.7ac3b561831918dea8aa20c9fc683240.jpg
2,2,House,[ 186.78741 1093.8319   342.02844 1195.3453 ],182.61016098372068,1965.597511812671,0.9962847232818604,723_jpg.rf.7ac3b561831918dea8aa20c9fc683240.jpg
5,2,House,[1740.7249   309.36154 1808.4624   391.67667],73.6726389795117,793.004918711566,0.8856649398803711,723_jpg.rf.7ac3b561831918dea8aa20c9fc683240.jpg
6,2,House,[1008.9301  640.2495 1177.1494  694.4758],97.75259187055663,1052.1991236354845,0.399079829454422,723_jpg.rf.7ac3b561831918dea8aa20c9fc683240.jpg
