object_id,class_id,class_name,bbox,area_m2,area_ft2,score,file
0,2,House,[ 159.1302 1128.9479  255.3474 1268.2462],143.12396823916015,1540.572081729496,0.9979415535926819,725_jpg.rf.295ac0c464b0fa16d71e792d934980dd.jpg
1,1,Garage,[1175.3402 1825.3589 1323.9884 1952.0117],183.95050385097653,1980.0248284015263,0.9976141452789307,725_jpg.rf.295ac0c464b0fa16d71e792d934980dd.jpg
2,2,House,[386.30157 447.11737 481.71716 573.219  ],133.3255996923242,1435.1034225282085,0.9950900077819824,725_jpg.rf.295ac0c464b0fa16d71e792d934980dd.jpg
3,2,House,[282.4871  180.45047 398.70297 270.1575 ],137.9474716483789,1484.8527900759855,0.9935948252677917,725_jpg.rf.295ac0c464b0fa16d71e792d934980dd.jpg
4,2,House,[1253.4906 1642.1643 1374.1779 1803.4509],169.8075756654492,1827.7917637053285,0.9910984635353088,725_jpg.rf.295ac0c464b0fa16d71e792d934980dd.jpg
