object_id,class_id,class_name,bbox,area_m2,area_ft2,score,file
0,2,House,[1978.0538   175.37631 2046.1945   262.3497 ],80.45138451505858,865.970657781639,0.9966775178909302,74_jpg.rf.2a005d4e34ba0062f2a6d9dc31d92616.jpg
1,2,House,[1365.8488   491.96338 1501.9266   604.0585 ],142.7850309623828,1536.923794775992,0.9959841966629028,74_jpg.rf.2a005d4e34ba0062f2a6d9dc31d92616.jpg
3,2,House,[ 97.76336 351.6776  199.56348 483.60095],133.3255996923242,1435.1034225282085,0.9948247671127319,74_jpg.rf.2a005d4e34ba0062f2a6d9dc31d92616.jpg
4,1,Garage,[138.86057   17.665558 233.01077  152.89867 ],133.17153729378904,1433.4451102766159,0.8207983374595642,74_jpg.rf.2a005d4e34ba0062f2a6d9dc31d92616.jpg
