object_id,class_id,class_name,bbox,area_m2,area_ft2,score,file
2,2,House,[  0.      182.46088  46.84125 258.21808],50.56327919923827,544.2580809726809,0.9952371120452881,75_jpg.rf.b2fe22c7756999fc18bbddf7e6f9102a.jpg
4,1,Garage,[1221.8368  433.2624 1331.7621  568.4741],125.59166728585936,1351.8561474982614,0.9193651080131531,75_jpg.rf.b2fe22c7756999fc18bbddf7e6f9102a.jpg
