object_id,class_id,class_name,bbox,area_m2,area_ft2,score,file
0,2,House,[250.23228 581.1406  362.4112  713.06067],132.07769426418943,1421.6710932903086,0.9964691400527954,76_jpg.rf.01bfc39d525df52a70d470440d6bbb3c.jpg
