object_id,class_id,class_name,bbox,area_m2,area_ft2,score,file
0,2,House,[  0.           0.68878174 111.0849      47.868687  ],48.72993665666991,524.5241651787293,0.9987679123878479,789_jpg.rf.137e1664a85012bb8fd1811c8a127044.jpg
3,2,House,[115.856285 664.4414   332.41394  813.03687 ],267.0671678606933,2874.6842881357165,0.9937258362770081,789_jpg.rf.137e1664a85012bb8fd1811c8a127044.jpg
