object_id,class_id,class_name,bbox,area_m2,area_ft2,score,file
0,2,House,[1013.4394   187.13043 1166.3281   288.1543 ],157.89855225868163,1699.604226657223,0.9980269074440002,791_jpg.rf.136b1d1c23fa4a5e7c21ff9ccf40e8ac.jpg
2,2,House,[1569.7208  757.701  1668.653   891.0699],148.42371474876953,1597.6180231842802,0.997417688369751,791_jpg.rf.136b1d1c23fa4a5e7c21ff9ccf40e8ac.jpg
3,2,House,[ 889.9108   996.83405  986.97015 1113.8423 ],125.25273000908201,1348.2078605447578,0.9973590970039368,791_jpg.rf.136b1d1c23fa4a5e7c21ff9ccf40e8ac.jpg
4,2,House,[774.4785  566.90466 892.0773  696.43164],160.61005047290038,1728.7905222852523,0.9965227842330933,791_jpg.rf.136b1d1c23fa4a5e7c21ff9ccf40e8ac.jpg
5,2,House,[1577.4877 1227.1333 1674.5282 1361.4365],142.43068744575194,1533.1096765973293,0.9961737990379333,791_jpg.rf.136b1d1c23fa4a5e7c21ff9ccf40e8ac.jpg
6,2,House,[1026.6497 1329.7075 1159.248  1468.106 ],141.1981882574707,1519.8431785845887,0.9956333041191101,791_jpg.rf.136b1d1c23fa4a5e7c21ff9ccf40e8ac.jpg
7,2,House,[1511.8574   394.94302 1633.4653   529.0477 ],143.84806151227536,1548.3661493119807,0.9946341514587402,791_jpg.rf.136b1d1c23fa4a5e7c21ff9ccf40e8ac.jpg
