object_id,class_id,class_name,bbox,area_m2,area_ft2,score,file
2,2,House,[1478.1215   714.69025 1570.9835   842.1922 ],148.23883987052733,1595.628048482369,0.9954610466957092,792_jpg.rf.120fb41c7c913fba819fff4ff658b5fe.jpg
4,2,House,[ 452.87277 1917.2098   539.8314  2039.3783 ],146.96012196268552,1581.8640567941507,0.9946560859680176,792_jpg.rf.120fb41c7c913fba819fff4ff658b5fe.jpg
6,2,House,[1532.5177   346.15228 1640.4906   478.15656],173.4588545107324,1867.0937640680725,0.9944446682929993,792_jpg.rf.120fb41c7c913fba819fff4ff658b5fe.jpg
7,2,House,[ 956.0808   685.8984  1084.2393   819.94904],136.91525357819333,1473.7420979903152,0.9940787553787231,792_jpg.rf.120fb41c7c913fba819fff4ff658b5fe.jpg
9,2,House,[ 977.058    319.64603 1061.5154   447.18387],149.03996434291014,1604.2512721906503,0.9927670955657959,792_jpg.rf.120fb41c7c913fba819fff4ff658b5fe.jpg
10,2,House,[ 964.9008 1120.0177 1069.6113 1249.9332],181.16197443749022,1950.009376647701,0.9925784468650818,792_jpg.rf.120fb41c7c913fba819fff4ff658b5fe.jpg
12,2,House,[1248.6683     62.620647 1391.0707    144.74191 ],155.4027414024121,1672.7395681814235,0.9924269914627075,792_jpg.rf.120fb41c7c913fba819fff4ff658b5fe.jpg
13,2,House,[1449.6636 1164.4728 1580.833  1316.2086],176.66335240026365,1901.5866589011978,0.9900131225585938,792_jpg.rf.120fb41c7c913fba819fff4ff658b5fe.jpg
16,1,Garage,[ 951.3947 1942.104  1033.5784 2025.4441],86.41359933836912,930.1473419182714,0.9802091121673584,792_jpg.rf.120fb41c7c913fba819fff4ff658b5fe.jpg
