object_id,class_id,class_name,bbox,area_m2,area_ft2,score,file
0,2,House,[1060.008    523.2857  1191.5369   616.00653],129.58188340791992,1394.8064348145092,0.9934431314468384,7_png.rf.d30f24b2276488d36d1b272aae58e1b9.jpg
1,2,House,[274.3165  382.23642 438.131   482.34634],246.79255621346678,2656.450395826135,0.9916366934776306,7_png.rf.d30f24b2276488d36d1b272aae58e1b9.jpg
2,1,Garage,[725.48914 673.7214  823.4105  735.154  ],86.4752242977832,930.8106668189085,0.9898520112037659,7_png.rf.d30f24b2276488d36d1b272aae58e1b9.jpg
3,1,Garage,[363.13733 664.04456 471.10742 727.67395],92.48365784065429,995.4848446310186,0.9687003493309021,7_png.rf.d30f24b2276488d36d1b272aae58e1b9.jpg
5,2,House,[423.77838 205.8868  722.76105 348.59088],450.81739059357415,4852.553310610173,0.8416823744773865,7_png.rf.d30f24b2276488d36d1b272aae58e1b9.jpg
6,1,Garage,[426.05734 241.38727 552.6567  353.6192 ],191.63821753788085,2062.7746097559957,0.7286667823791504,7_png.rf.d30f24b2276488d36d1b272aae58e1b9.jpg
7,1,Garage,[ 27.76429 598.8249  231.86285 734.5047 ],359.3197321035449,3867.6816643893467,0.7130396366119385,7_png.rf.d30f24b2276488d36d1b272aae58e1b9.jpg
8,2,House,[512.2701  204.0863  722.189   342.53955],311.2060450410156,3349.790748216988,0.28920304775238037,7_png.rf.d30f24b2276488d36d1b272aae58e1b9.jpg
