object_id,class_id,class_name,bbox,area_m2,area_ft2,score,file
5,1,Garage,[1338.4927  738.2152 1485.8755  923.8688],220.2938236654199,2371.2206885522132,0.7210742235183716,813_jpg.rf.570ce2930d697d6ad6bf70a9cf8c7279.jpg
6,1,Garage,[1153.7836   225.52896 1238.0355   315.6569 ],68.09558015253906,732.9740152039151,0.6271691918373108,813_jpg.rf.570ce2930d697d6ad6bf70a9cf8c7279.jpg
