object_id,class_id,class_name,bbox,area_m2,area_ft2,score,file
0,2,House,[1720.3241 1507.9196 1837.952  1597.3961],126.94741639296873,1366.449295312276,0.9963670969009399,850_jpg.rf.f11ff701cecfa686be0c5bbf328f9685.jpg
1,2,House,[ 384.5803  1009.70483  503.87796 1100.793  ],135.83681678844724,1462.1339122291672,0.9956275224685669,850_jpg.rf.f11ff701cecfa686be0c5bbf328f9685.jpg
2,1,Garage,[1533.0034 1807.5369 1653.7859 1891.3989],128.51885285802732,1383.36408027852,0.9932647943496704,850_jpg.rf.f11ff701cecfa686be0c5bbf328f9685.jpg
3,1,Garage,[1571.2258 1672.5211 1640.7195 1778.3358],93.71615702893554,1008.7513426437592,0.9930638670921326,850_jpg.rf.f11ff701cecfa686be0c5bbf328f9685.jpg
5,2,House,[ 256.5984  1667.5806   412.62732 1745.9417 ],177.4028519132324,1909.5465577088423,0.9601731300354004,850_jpg.rf.f11ff701cecfa686be0c5bbf328f9685.jpg
6,1,Garage,[1764.7148 1894.7969 1924.1853 1982.4128],204.0248343801074,2196.1029147840377,0.8232438564300537,850_jpg.rf.f11ff701cecfa686be0c5bbf328f9685.jpg
