object_id,class_id,class_name,bbox,area_m2,area_ft2,score,file
2,2,House,[1309.313  1134.2458 1456.7385 1244.0334],154.41674205178708,1662.1263697712309,0.9980127811431885,86_jpg.rf.4e7373614c0401fe0363b09804f98fb4.jpg
5,2,House,[517.5065  393.06335 661.8071  505.24664],153.0301804649707,1647.201559506898,0.9965732097625732,86_jpg.rf.4e7373614c0401fe0363b09804f98fb4.jpg
6,2,House,[ 546.81866 1120.6672   686.5081  1256.7627 ],154.7248668488574,1665.4429942744162,0.9938626289367676,86_jpg.rf.4e7373614c0401fe0363b09804f98fb4.jpg
7,2,House,[1267.676    395.00925 1408.4463   522.77856],149.64080769719726,1610.7186899718615,0.9935430288314819,86_jpg.rf.4e7373614c0401fe0363b09804f98fb4.jpg
9,2,House,[1961.6394   427.41254 2047.8113   525.53217],92.22175176314452,992.6657138033113,0.9917397499084473,86_jpg.rf.4e7373614c0401fe0363b09804f98fb4.jpg
10,2,House,[1923.1589 1154.8649 2046.8726 1268.1068],137.88584668896482,1484.1894651753485,0.9871160387992859,86_jpg.rf.4e7373614c0401fe0363b09804f98fb4.jpg
