object_id,class_id,class_name,bbox,area_m2,area_ft2,score,file
1,2,House,[1485.3181   119.3684  1690.2314   214.48029],235.9773758362988,2540.0368757643364,0.9958828687667847,888_jpg.rf.d9e49ae53f730085feaf22ac3c654bc4.jpg
2,2,House,[1994.6946   976.40625 2047.1577  1091.5149 ],67.27904944030273,724.1849602704746,0.9952579140663147,888_jpg.rf.d9e49ae53f730085feaf22ac3c654bc4.jpg
3,2,House,[4.146347e-01 8.481141e+02 9.243092e+01 9.588897e+02],118.36614079456054,1274.0813028985701,0.9933953881263733,888_jpg.rf.d9e49ae53f730085feaf22ac3c654bc4.jpg
4,2,House,[   0.      1358.3356    59.39335 1509.9857 ],105.20921195965819,1132.4614366125647,0.9898213148117065,888_jpg.rf.d9e49ae53f730085feaf22ac3c654bc4.jpg
5,1,Garage,[1023.69604 1284.0342  1107.7661  1359.5884 ],89.97244074453124,968.4543549300598,0.9890505075454712,888_jpg.rf.d9e49ae53f730085feaf22ac3c654bc4.jpg
6,2,House,[ 761.9076 1370.7871  939.2886 1619.8525],577.7494007466894,6218.83677469729,0.9333944320678711,888_jpg.rf.d9e49ae53f730085feaf22ac3c654bc4.jpg
7,2,House,[3.1190491e-01 8.3044836e+02 9.8720230e+01 1.1686659e+03],359.65866938032224,3871.3299513428506,0.7149662971496582,888_jpg.rf.d9e49ae53f730085feaf22ac3c654bc4.jpg
8,1,Garage,[1683.4259  252.8428 1741.7745  319.1982],24.495921367089842,263.67164800321837,0.5428022146224976,888_jpg.rf.d9e49ae53f730085feaf22ac3c654bc4.jpg
