object_id,class_id,class_name,bbox,area_m2,area_ft2,score,file
1,2,House,[1230.9603  890.6033 1323.7645 1014.1737],133.8956305669043,1441.2391778591011,0.9945110082626343,897_jpg.rf.c82eeb1bf553c5e318dd0c14f04ff965.jpg
3,2,House,[1244.1515 1421.4332 1327.2946 1536.4244],124.38998057728514,1338.9213119358394,0.9715349674224854,897_jpg.rf.c82eeb1bf553c5e318dd0c14f04ff965.jpg
4,1,Garage,[634.19025 907.98615 736.02997 989.23004],73.84210761790038,794.8290621883178,0.9532528519630432,897_jpg.rf.c82eeb1bf553c5e318dd0c14f04ff965.jpg
