object_id,class_id,class_name,bbox,area_m2,area_ft2,score,file
0,1,Garage,[861.4164  102.64194 955.5797  167.81433],92.26797048270507,993.163207478789,0.9923317432403564,8_png.rf.82e138e3b23d11b7c8999bfac4248f67.jpg
1,2,House,[ 893.4239   281.9718  1005.72064  533.5668 ],320.7271012704882,3452.274445365408,0.9859086871147156,8_png.rf.82e138e3b23d11b7c8999bfac4248f67.jpg
2,1,Garage,[1186.8102       3.6983604 1312.5724      91.94699  ],157.34392762395507,1693.6343025514898,0.9651844501495361,8_png.rf.82e138e3b23d11b7c8999bfac4248f67.jpg
