object_id,class_id,class_name,bbox,area_m2,area_ft2,score,file
0,2,House,[6.9832867e+02 5.5154800e-01 7.8288495e+02 3.9807861e+01],47.28175011043945,508.93603001375914,0.9988607168197632,902_jpg.rf.1fb8f2546c6e03a86a01811d64569b6c.jpg
2,2,House,[ 985.57605 1557.9052  1103.3859  1683.5306 ],134.8045987182617,1451.0232201434972,0.9964042901992798,902_jpg.rf.1fb8f2546c6e03a86a01811d64569b6c.jpg
3,2,House,[1697.3959  937.9339 1842.4987 1104.3044],168.74454511555663,1816.3494091693399,0.9960426092147827,902_jpg.rf.1fb8f2546c6e03a86a01811d64569b6c.jpg
4,2,House,[ 636.4578  1110.2828   751.64996 1214.1642 ],122.91098155134765,1323.0015143205508,0.9960129261016846,902_jpg.rf.1fb8f2546c6e03a86a01811d64569b6c.jpg
5,2,House,[ 543.68066 1911.3107   668.5006  2027.6683 ],124.0510433005078,1335.2730249823358,0.9953568577766418,902_jpg.rf.1fb8f2546c6e03a86a01811d64569b6c.jpg
6,2,House,[ 253.06686 1332.8986   367.63217 1452.1307 ],118.96698414884764,1280.5487206797811,0.9949339032173157,902_jpg.rf.1fb8f2546c6e03a86a01811d64569b6c.jpg
