object_id,class_id,class_name,bbox,area_m2,area_ft2,score,file
0,2,House,[ 336.43576 1028.4878   423.3759  1117.1165 ],110.00055255410155,1184.0349476370936,0.9976785778999329,904_jpg.rf.0abff94857c5b87a731733e1a51a27e3.jpg
1,2,House,[ 296.26135 1523.518    411.53632 1645.5355 ],113.1126130045117,1217.5328551192636,0.9972544312477112,904_jpg.rf.0abff94857c5b87a731733e1a51a27e3.jpg
2,2,House,[1041.3391     0.      1144.7344    79.84831],88.09287948240234,948.2229454606305,0.9966712594032288,904_jpg.rf.0abff94857c5b87a731733e1a51a27e3.jpg
4,2,House,[ 293.76147 1938.3975   405.6361  2048.     ],108.33667864992186,1166.125175319894,0.996137797832489,904_jpg.rf.0abff94857c5b87a731733e1a51a27e3.jpg
6,2,House,[850.51825 765.1907  956.7961  880.02783],112.28067605242187,1208.5779689606636,0.99424147605896,904_jpg.rf.0abff94857c5b87a731733e1a51a27e3.jpg
7,2,House,[1929.345      43.348827 2017.9873    127.458435],103.85346285254882,1117.86828879855,0.9926785230636597,904_jpg.rf.0abff94857c5b87a731733e1a51a27e3.jpg
8,2,House,[ 837.80176 1731.5541   948.26965 1853.8734 ],113.2050504436328,1218.527842470219,0.9924547672271729,904_jpg.rf.0abff94857c5b87a731733e1a51a27e3.jpg
11,2,House,[124.57336 150.13408 268.07736 239.31834],181.40847427514646,1952.662676250249,0.9869028329849243,904_jpg.rf.0abff94857c5b87a731733e1a51a27e3.jpg
12,2,House,[ 841.7354 1286.0161  954.5921 1396.8926],106.53414858706053,1146.7229219762607,0.9843722581863403,904_jpg.rf.0abff94857c5b87a731733e1a51a27e3.jpg
