object_id,class_id,class_name,bbox,area_m2,area_ft2,score,file
0,2,House,[753.9653  851.52985 887.24567 969.49445],131.89281938594726,1419.6811185883978,0.9977171421051025,909_jpg.rf.db799cc9b89f6cea980befcf656e9589.jpg
