object_id,class_id,class_name,bbox,area_m2,area_ft2,score,file
0,2,House,[1392.8916  783.9224 1506.9683  891.6684],112.72745700817381,1213.387074490282,0.998791515827179,910_jpg.rf.85ee82e456d98dea55208f54219f177b.jpg
1,2,House,[ 199.72751 1073.6321   360.60294 1168.9001 ],171.90282428552732,1850.3448103269875,0.9973334074020386,910_jpg.rf.85ee82e456d98dea55208f54219f177b.jpg
3,2,House,[503.2011  229.80652 586.67426 346.71307],112.49636341037107,1210.8996061128933,0.9883866906166077,910_jpg.rf.85ee82e456d98dea55208f54219f177b.jpg
4,2,House,[1478.6241   390.80414 1568.6425   516.328  ],134.65053631972654,1449.3649078919045,0.9869540333747864,910_jpg.rf.85ee82e456d98dea55208f54219f177b.jpg
5,2,House,[1378.147  1461.8295 1471.208  1595.8541],148.3929022690625,1597.2863607339616,0.9789931774139404,910_jpg.rf.85ee82e456d98dea55208f54219f177b.jpg
