object_id,class_id,class_name,bbox,area_m2,area_ft2,score,file
0,2,House,[1183.8497 1393.3235 1327.1141 1563.3391],194.01077847532224,2088.312618430521,0.9973489046096802,921_jpg.rf.72dd456826967120fb37f3af828c8d14.jpg
2,1,Garage,[597.3123    27.248692 676.60187  140.8628  ],128.96563381377928,1388.1731858081387,0.9962190985679626,921_jpg.rf.72dd456826967120fb37f3af828c8d14.jpg
3,2,House,[1080.0361     64.400604 1193.6592    146.40445 ],129.5972896477734,1394.972266039668,0.9957858920097351,921_jpg.rf.72dd456826967120fb37f3af828c8d14.jpg
4,2,House,[1995.5288   885.71686 2046.7537   960.88824],54.79999515895507,589.8616678914765,0.9936578869819641,921_jpg.rf.72dd456826967120fb37f3af828c8d14.jpg
6,2,House,[ 480.7808 1586.01    621.9862 1723.367 ],137.53150317233397,1480.3753469966855,0.9909374117851257,921_jpg.rf.72dd456826967120fb37f3af828c8d14.jpg
7,2,House,[330.10822   23.979618 442.69604  115.10675 ],142.81584344208983,1537.2554572263107,0.9889869689941406,921_jpg.rf.72dd456826967120fb37f3af828c8d14.jpg
9,1,Garage,[1912.39       53.90806  1957.7286    110.429085],35.603820301474606,383.2359613430425,0.9140660166740417,921_jpg.rf.72dd456826967120fb37f3af828c8d14.jpg
10,1,Garage,[479.12332 283.6272  534.76544 338.48358],34.2172587146582,368.3111510787094,0.4182758033275604,921_jpg.rf.72dd456826967120fb37f3af828c8d14.jpg
11,2,House,[2013.774     48.10192 2048.       113.47933],30.920323386005855,332.8232688946284,0.40691694617271423,921_jpg.rf.72dd456826967120fb37f3af828c8d14.jpg
