object_id,class_id,class_name,bbox,area_m2,area_ft2,score,file
0,2,House,[1208.6755   242.55658 1313.9797   319.79944],117.45717264320311,1264.2972606141739,0.996324360370636,925_jpg.rf.52b7e091dc22a6066e56fd64cf65d413.jpg
1,2,House,[1503.0225  822.9272 1587.0352  907.7531],101.080339678916,1088.0186682698838,0.9962452054023743,925_jpg.rf.52b7e091dc22a6066e56fd64cf65d413.jpg
2,2,House,[350.77832 146.8934  444.47668 232.02042],108.81427208538085,1171.265943299831,0.9962266683578491,925_jpg.rf.52b7e091dc22a6066e56fd64cf65d413.jpg
4,2,House,[744.3571 800.6975 827.5434 882.2031],98.4150601842578,1059.3298663173325,0.9930942058563232,925_jpg.rf.52b7e091dc22a6066e56fd64cf65d413.jpg
6,2,House,[1132.5052  801.0662 1220.6412  884.5362],94.97946869692382,1022.3495031068182,0.9800896644592285,925_jpg.rf.52b7e091dc22a6066e56fd64cf65d413.jpg
8,2,House,[726.6548  226.2207  842.39014 282.75668],96.79740499963866,1041.9175876756105,0.941076397895813,925_jpg.rf.52b7e091dc22a6066e56fd64cf65d413.jpg
