object_id,class_id,class_name,bbox,area_m2,area_ft2,score,file
0,1,Garage,[1531.6191  542.3263 1637.4287  672.8087],134.08050544514646,1443.229152561012,0.9989175796508789,930_jpg.rf.ebfe537878857b78e838fa2046f5ccab.jpg
1,2,House,[1116.2482   401.3579  1243.6486   504.58698],141.39846937556638,1521.9989845116588,0.9974367022514343,930_jpg.rf.ebfe537878857b78e838fa2046f5ccab.jpg
2,2,House,[ 431.51956 1888.7278   533.6239  2014.9958 ],130.52166403898437,1404.9221395492239,0.9968785047531128,930_jpg.rf.ebfe537878857b78e838fa2046f5ccab.jpg
3,2,House,[ 249.76215 1093.5101   349.60724 1215.5026 ],130.15191428249997,1400.9421901454014,0.9959134459495544,930_jpg.rf.ebfe537878857b78e838fa2046f5ccab.jpg
5,2,House,[1777.5754 1588.0967 1878.3225 1714.6729],137.6547530911621,1481.7019967979595,0.9950029253959656,930_jpg.rf.ebfe537878857b78e838fa2046f5ccab.jpg
6,2,House,[ 332.49292 1443.2987   428.08392 1539.8129 ],102.22040142807616,1100.2901789316688,0.9947728514671326,930_jpg.rf.ebfe537878857b78e838fa2046f5ccab.jpg
8,2,House,[1638.7198 1002.2143 1728.7911 1116.6569],111.44873910033202,1199.623082802064,0.9922303557395935,930_jpg.rf.ebfe537878857b78e838fa2046f5ccab.jpg
9,2,House,[1137.7614 1109.3052 1230.6398 1217.3396],110.30867735117187,1187.351572140279,0.9859945774078369,930_jpg.rf.ebfe537878857b78e838fa2046f5ccab.jpg
