object_id,class_id,class_name,bbox,area_m2,area_ft2,score,file
2,2,House,[ 833.0176 1110.4493  980.063  1190.3116],156.61983435083982,1685.8402349690048,0.9953823685646057,937_jpg.rf.876f8d83588adcad4b290adfd35c9264.jpg
3,2,House,[1632.0437 1342.1246 1758.8833 1456.961 ],128.8886026145117,1387.3440296823426,0.9937950372695923,937_jpg.rf.876f8d83588adcad4b290adfd35c9264.jpg
4,2,House,[ 183.48404 1075.2297   312.8007  1151.8186 ],136.3914414231738,1468.1038363349005,0.9852017760276794,937_jpg.rf.876f8d83588adcad4b290adfd35c9264.jpg
5,2,House,[ 578.38434 1764.1058   698.02826 1895.6681 ],125.00623017142577,1345.5545609422097,0.967102587223053,937_jpg.rf.876f8d83588adcad4b290adfd35c9264.jpg
