object_id,class_id,class_name,bbox,area_m2,area_ft2,score,file
0,2,House,[1085.0004 1478.4851 1216.8302 1612.6675],147.85368387418944,1591.4822678533876,0.9958217144012451,938_jpg.rf.8dc613a9df71b8d8e735c4fcb56a09fc.jpg
1,2,House,[ 548.8891 1649.95    664.9578 1801.3081],138.28640892515622,1488.5010770294891,0.9955222606658936,938_jpg.rf.8dc613a9df71b8d8e735c4fcb56a09fc.jpg
3,2,House,[ 918.3903   727.93396 1046.7972   831.50806],131.90822562580075,1419.8469498135566,0.9950852990150452,938_jpg.rf.8dc613a9df71b8d8e735c4fcb56a09fc.jpg
4,2,House,[1526.6211   911.95667 1668.6094  1012.96045],141.55253177410154,1523.6572967632515,0.9927175045013428,938_jpg.rf.8dc613a9df71b8d8e735c4fcb56a09fc.jpg
5,2,House,[ 127.26128 1029.9377   246.57045 1184.9866 ],147.05255940180663,1582.8590441451063,0.9923547506332397,938_jpg.rf.8dc613a9df71b8d8e735c4fcb56a09fc.jpg
