object_id,class_id,class_name,bbox,area_m2,area_ft2,score,file
0,1,Garage,[1471.5454 1593.1029 1540.5391 1693.3627],83.4247888067871,897.9760842373757,0.9963169097900391,994_jpg.rf.57656254610d04ff44906dcb68335f7f.jpg
1,2,House,[1569.6138 1475.2029 1663.4187 1603.9128],143.20099943842771,1541.401237855292,0.9959839582443237,994_jpg.rf.57656254610d04ff44906dcb68335f7f.jpg
4,2,House,[283.13696 816.70764 404.89624 943.1504 ],119.39835886474609,1285.1919949842404,0.9869749546051025,994_jpg.rf.57656254610d04ff44906dcb68335f7f.jpg
