object_id,class_id,class_name,bbox,area_m2,area_ft2,score,file,,,,,
1,1,Garage,"[659.6575317382812, 592.9036865234375, 709.3827514648438, 639.96435546875]",69.45379426,747.593696,0.991382778,"12034 Hoffman Lake Rd, Town of Agenda.png",,,,,True Size =572 
