object_id,class_id,class_name,bbox,area_m2,area_ft2,score,file,,
0,2,House,"[604.7642211914062, 571.8446655273438, 663.8756713867188, 689.0991821289062]",216.4465774,2329.809315,0.999470651,"12213 Agenda Rd, Town of Agenda.png",,True Size = 1913ft2
