object_id,class_id,class_name,bbox,area_m2,area_ft2,score,file,,,,,
0,2,House,"[591.3604736328125, 611.9451904296875, 664.4058837890625, 738.4283447265625]",225.3994516,2426.177157,0.990635693,"12629 Flambeau Rd, Town of Agenda.png",,,,,True Size= 1304
