object_id,class_id,class_name,bbox,area_m2,area_ft2,score,file,,,,,
0,2,House,"[618.7427978515625, 578.5098876953125, 673.1192626953125, 699.35009765625]",217.9058565,2345.516849,0.997515559,"14005 Elmwood Rd, Town of Agenda.png",,,,,True Size=1816 
