object_id,class_id,class_name,bbox,area_m2,area_ft2,score,file,,,,,
0,2,House,"[591.1416015625, 587.4176635742188, 693.3736572265625, 667.5123901367188]",232.301447,2500.469545,0.999476492,"15547 Orchard Rd, Town of Agenda.png",,,,,True Size = 2168
