object_id,class_id,class_name,bbox,area_m2,area_ft2,score,file,,,,,
0,2,House,"[588.190673828125, 384.5303649902344, 656.1009521484375, 499.1647033691406]",266.5747844,2869.384322,0.995063245,"15671 Hoot Ln, Town of Agenda.png",,,,,True Size =3032 
