object_id,class_id,class_name,bbox,area_m2,area_ft2,score,file,,,,,
1,2,House,"[620.8970947265625, 610.80419921875, 669.6488037109375, 659.4532470703125]",82.46898569,887.687915,0.925544918,"15822 Orchard Rd, Town of Agenda.png",,,,,True Size = 672
