object_id,class_id,class_name,bbox,area_m2,area_ft2,score,file,,,,,
1,2,House,"[622.5291748046875, 696.9137573242188, 686.877685546875, 793.5601196289062]",197.43651,2125.18685,0.999587595,"16190 Orchard Ln, Town of Agenda.png",,,,,True Size = 1796
