object_id,class_id,class_name,bbox,area_m2,area_ft2,score,file,,,,,
0,1,Garage,"[625.0577392578125, 609.4490356445312, 666.00634765625, 663.3648071289062]",70.00595389,753.5370871,0.96987021,"16255 Pinehaven Rd, Town of Agenda.png",,,,,True Size = 640
