object_id,class_id,class_name,bbox,area_m2,area_ft2,score,file,,,,,
0,2,House,"[616.5999145507812, 608.7484741210938, 672.2532348632812, 661.1056518554688]",90.51474039,974.2916141,0.999552429,"19054 North Rd, Town of Agenda.png",,,,,True Size = 784
