object_id,class_id,class_name,bbox,area_m2,area_ft2,score,file,,,,,
0,1,Garage,"[670.8007202148438, 661.4933471679688, 742.4669799804688, 724.3464965820312]",158.5881356,1707.026832,0.999081254,"85808 Creamery Rd, Town of Agenda.png",,,,,True Size = 1008
