object_id,class_id,class_name,bbox,area_m2,area_ft2,score,file,,,,,
0,2,House,"[840.6608276367188, 99.96273803710938, 932.1483764648438, 150.38795471191406]",176.7699636,1902.734211,0.996273756,"86409 County Hwy F, Town of Agenda.png",,,,,True Size = 1560
