object_id,class_id,class_name,bbox,area_m2,area_ft2,score,file
0,2,House,"[619.6497192382812, 589.6182861328125, 671.8118286132812, 665.7166748046875]",126.878396438425,1365.7063714235628,0.9977145195007324,"11042 Agenda Rd, Town of Agenda.png"
2,1,Garage,"[636.5821533203125, 517.3087768554688, 691.61083984375, 551.2195434570312]",56.911882518075,612.5938122363075,0.9695420861244202,"11042 Agenda Rd, Town of Agenda.png"
3,1,Garage,"[702.6614379882812, 506.3464050292969, 745.3311157226562, 539.6451416015625]",41.372532752225,445.32980529167463,0.731147289276123,"11042 Agenda Rd, Town of Agenda.png"
