object_id,class_id,class_name,bbox,area_m2,area_ft2,score,file
0,2,House,"[1186.77685546875, 599.3399047851562, 1265.396484375, 684.4360961914062]",212.384260124625,2286.082937555451,0.9948136806488037,"11125 Agenda Rd, Town of Agenda.png"
