object_id,class_id,class_name,bbox,area_m2,area_ft2,score,file
0,1,Garage,"[325.76043701171875, 1141.106201171875, 414.98553466796875, 1219.8037109375]",140.32742758095,1510.4703977385877,0.9828906655311584,"11170 South Park Rd, Town of Agenda.png"
1,1,Garage,"[467.833984375, 1031.7314453125, 540.6721801757812, 1117.722900390625]",119.46368132172499,1285.8951193789155,0.8721420764923096,"11170 South Park Rd, Town of Agenda.png"
2,1,Garage,"[297.16082763671875, 374.1907958984375, 376.99566650390625, 440.12921142578125]",107.67112908825,1158.961266393014,0.8549373745918274,"11170 South Park Rd, Town of Agenda.png"
