object_id,class_id,class_name,bbox,area_m2,area_ft2,score,file
0,2,House,"[559.8863525390625, 81.61841583251953, 653.838134765625, 140.75244140625]",174.56132503465,1878.960646540469,0.9942271709442139,"11184 South Park Rd, Town of Agenda.png"
1,1,Garage,"[732.7511596679688, 482.5251770019531, 807.9878540039062, 567.3270263671875]",120.2130408282,1293.9611501706618,0.9710625410079956,"11184 South Park Rd, Town of Agenda.png"
3,1,Garage,"[593.2183227539062, 593.29736328125, 681.2025756835938, 670.480712890625]",140.95846716535,1517.2628447211107,0.9509243965148926,"11184 South Park Rd, Town of Agenda.png"
4,2,House,"[562.5580444335938, 185.3416748046875, 612.0033569335938, 228.771240234375]",68.822754673625,740.8012490314321,0.4337642192840576,"11184 South Park Rd, Town of Agenda.png"
