object_id,class_id,class_name,bbox,area_m2,area_ft2,score,file
0,1,Garage,"[1188.0823974609375, 559.546875, 1275.5911865234375, 635.755126953125]",142.69382602245,1535.9420739230495,0.976252555847168,"11228 South Park Rd, Town of Agenda.png"
