object_id,class_id,class_name,bbox,area_m2,area_ft2,score,file
0,1,Garage,"[623.9560546875, 600.1839599609375, 680.2459716796875, 657.7587890625]",119.5820012438,1287.1687031881388,0.9983769655227661,"11250 Agenda Rd, Town of Agenda.png"
1,1,Garage,"[249.46961975097656, 325.27337646484375, 289.06396484375, 391.16729736328125]",97.57449573785,1050.2821146726435,0.9942968487739563,"11250 Agenda Rd, Town of Agenda.png"
2,1,Garage,"[894.9577026367188, 626.9160766601562, 984.1012573242188, 690.7909545898438]",215.854977838825,2323.4413959593285,0.9917520880699158,"11250 Agenda Rd, Town of Agenda.png"
3,2,House,"[334.44317626953125, 444.7697448730469, 379.6334228515625, 515.0679321289062]",112.009526231,1205.6593393978608,0.990849494934082,"11250 Agenda Rd, Town of Agenda.png"
