object_id,class_id,class_name,bbox,area_m2,area_ft2,score,file
0,1,Garage,"[1072.4969482421875, 801.4672241210938, 1131.4989013671875, 859.7750854492188]",123.95983836057499,1334.2913041293932,0.9937986731529236,"11295 Agenda Rd, Town of Agenda.png"
1,1,Garage,"[700.1541137695312, 526.6834106445312, 738.0841674804688, 593.4100952148438]",94.26153791975,1014.6217680143969,0.9583337903022766,"11295 Agenda Rd, Town of Agenda.png"
2,2,House,"[783.0221557617188, 648.3531494140625, 830.6829223632812, 718.700439453125]",116.50568326985,1254.0555241483382,0.9546049237251282,"11295 Agenda Rd, Town of Agenda.png"
4,1,Garage,"[616.2730102539062, 611.35986328125, 647.3886108398438, 645.9129638671875]",35.693176492625,384.1977824489662,0.27682560682296753,"11295 Agenda Rd, Town of Agenda.png"
