object_id,class_id,class_name,bbox,area_m2,area_ft2,score,file
0,2,House,"[534.5318603515625, 0.3224353790283203, 583.5960693359375, 16.53973960876465]",26.661422440899997,286.98088501160345,0.9993897676467896,"11356 S Short Ln, Town of Agenda.png"
1,2,House,"[575.9369506835938, 682.232177734375, 666.5009155273438, 728.5755615234375]",161.62501355445,1739.7154833987443,0.9993365406990051,"11356 S Short Ln, Town of Agenda.png"
2,1,Garage,"[564.1586303710938, 333.0184020996094, 591.6495971679688, 379.3593444824219]",46.14476960925,496.69768559700606,0.9977151155471802,"11356 S Short Ln, Town of Agenda.png"
3,1,Garage,"[633.22265625, 147.85877990722656, 690.7022705078125, 202.9154815673828]",107.39504927007499,1155.9895708381603,0.9971900582313538,"11356 S Short Ln, Town of Agenda.png"
4,2,House,"[696.3016967773438, 217.2449951171875, 744.9251098632812, 263.13775634765625]",73.47667160857499,790.8955455275403,0.9380499124526978,"11356 S Short Ln, Town of Agenda.png"
