object_id,class_id,class_name,bbox,area_m2,area_ft2,score,file
0,2,House,"[519.3479614257812, 811.5930786132812, 607.4395141601562, 858.4528198242188]",156.063977216925,1679.8570443652588,0.9997205138206482,"11382 S Short Ln, Town of Agenda.png"
1,1,Garage,"[574.7313842773438, 277.4906311035156, 633.2195434570312, 333.5005187988281]",112.28560604917499,1208.6310349527146,0.9980454444885254,"11382 S Short Ln, Town of Agenda.png"
2,2,House,"[476.9968566894531, 8.409271240234375, 539.125, 151.4927215576172]",261.80254757795,2818.016441874296,0.9978251457214355,"11382 S Short Ln, Town of Agenda.png"
3,1,Garage,"[506.8000793457031, 464.0890808105469, 533.2456665039062, 510.5144348144531]",44.25165085605,476.32034464943655,0.9953694939613342,"11382 S Short Ln, Town of Agenda.png"
4,2,House,"[636.8530883789062, 345.2166442871094, 689.4465942382812, 418.5469055175781]",116.86064303607499,1257.8762755760076,0.9538857936859131,"11382 S Short Ln, Town of Agenda.png"
