object_id,class_id,class_name,bbox,area_m2,area_ft2,score,file
0,2,House,"[495.71478271484375, 929.1485595703125, 584.4183959960938, 978.3709716796875]",161.7038935025,1740.5645392715596,0.9978669881820679,"11392 S Short Ln, Town of Agenda.png"
1,1,Garage,"[482.317138671875, 579.8845825195312, 511.4095458984375, 627.7360229492188]",49.221087583199996,529.8108646368064,0.9974439144134521,"11392 S Short Ln, Town of Agenda.png"
2,1,Garage,"[551.3200073242188, 395.93609619140625, 609.4827270507812, 451.421630859375]",111.65456646477499,1201.8385879701914,0.9955796599388123,"11392 S Short Ln, Town of Agenda.png"
3,1,Garage,"[613.6062622070312, 463.6820983886719, 662.3208618164062, 524.1524658203125]",89.44986108869999,962.8293597726578,0.9418157935142517,"11392 S Short Ln, Town of Agenda.png"
4,2,House,"[453.0486755371094, 153.87191772460938, 513.7315063476562, 265.5533752441406]",195.89835098217497,2108.630260137033,0.9249573945999146,"11392 S Short Ln, Town of Agenda.png"
6,1,Garage,"[599.6463623046875, 734.2835083007812, 632.521728515625, 762.2070922851562]",32.8140583888,353.2072430912043,0.6773532629013062,"11392 S Short Ln, Town of Agenda.png"
8,1,Garage,"[468.48187255859375, 6.44633674621582, 527.5701293945312, 43.299659729003906]",79.6687475305,857.5464315435489,0.3815179169178009,"11392 S Short Ln, Town of Agenda.png"
