object_id,class_id,class_name,bbox,area_m2,area_ft2,score,file
0,2,House,"[592.151123046875, 115.78047943115234, 649.1597900390625, 177.0641326904297]",129.481434724075,1393.725215226471,0.9993508458137512,"11426 S Short Ln, Town of Agenda.png"
1,1,Garage,"[612.6795043945312, 604.0256958007812, 667.2496948242188, 658.6659545898438]",107.079529477875,1152.5933473468986,0.9987071752548218,"11426 S Short Ln, Town of Agenda.png"
2,1,Garage,"[543.2569580078125, 788.45654296875, 569.15234375, 836.1961669921875]",43.975571037875,473.3486490945827,0.9983515739440918,"11426 S Short Ln, Town of Agenda.png"
3,2,House,"[553.717529296875, 1136.2386474609375, 646.3577880859375, 1186.9595947265625]",169.98628804774998,1829.715405917176,0.9957959651947021,"11426 S Short Ln, Town of Agenda.png"
4,1,Garage,"[659.5599365234375, 941.7344970703125, 692.18017578125, 969.92626953125]",33.169018155025,357.0279945188736,0.9876101016998291,"11426 S Short Ln, Town of Agenda.png"
5,1,Garage,"[528.53955078125, 212.00701904296875, 588.179443359375, 252.57546997070312]",82.42954571224999,887.2633870920877,0.9813511371612549,"11426 S Short Ln, Town of Agenda.png"
6,1,Garage,"[672.9814453125, 671.2059936523438, 721.1861572265625, 738.3325805664062]",98.008335452125,1054.9519219731283,0.8831745982170105,"11426 S Short Ln, Town of Agenda.png"
7,2,House,"[573.642822265625, 1042.0740966796875, 651.34814453125, 1125.6968994140625]",194.87291165752498,2097.592533790433,0.8749160766601562,"11426 S Short Ln, Town of Agenda.png"
8,2,House,"[512.2821044921875, 349.6856994628906, 570.0716552734375, 471.1300964355469]",194.005232228975,2088.2529191894637,0.8273243308067322,"11426 S Short Ln, Town of Agenda.png"
