object_id,class_id,class_name,bbox,area_m2,area_ft2,score,file
0,2,House,"[534.7811279296875, 850.0350952148438, 594.753662109375, 959.5010375976562]",201.69602716384998,2171.0358667889645,0.9996752738952637,"11474 South Short Ln, Town of Agenda.png"
1,2,House,"[615.4375610351562, 599.9766235351562, 671.7647094726562, 663.9276733398438]",128.455995399425,1382.6874888798707,0.9994235038757324,"11474 South Short Ln, Town of Agenda.png"
2,1,Garage,"[633.3713989257812, 1090.97802734375, 690.1223754882812, 1144.5693359375]",108.104968802525,1163.6310736934988,0.9982588887214661,"11474 South Short Ln, Town of Agenda.png"
3,2,House,"[694.1212768554688, 1157.1820068359375, 744.3634643554688, 1218.6583251953125]",98.99433480274999,1065.5651203833206,0.9979313611984253,"11474 South Short Ln, Town of Agenda.png"
4,1,Garage,"[525.1426391601562, 38.42410659790039, 544.1830444335938, 68.84466552734375]",21.731425687774998,233.91489296064128,0.9902254939079285,"11474 South Short Ln, Town of Agenda.png"
6,2,House,"[566.9213256835938, 215.6847686767578, 622.0474243164062, 303.727294921875]",184.65795838505,1987.6397982608396,0.663433849811554,"11474 South Short Ln, Town of Agenda.png"
7,1,Garage,"[550.2844848632812, 698.1364135742188, 608.4452514648438, 736.1170043945312]",76.395229686425,822.31061282171,0.4121845066547394,"11474 South Short Ln, Town of Agenda.png"
