object_id,class_id,class_name,bbox,area_m2,area_ft2,score,file
0,2,House,"[744.5979614257812, 612.0139770507812, 801.4993286132812, 673.5723266601562]",127.509436022825,1372.498818406086,0.9993178844451904,"11506 North Short Ln, Town of Agenda.png"
1,2,House,"[664.1522216796875, 860.7408447265625, 721.595703125, 967.82275390625]",196.0955508523,2110.752899819072,0.9956173896789551,"11506 North Short Ln, Town of Agenda.png"
2,1,Garage,"[654.02880859375, 46.98622131347656, 674.2750244140625, 78.82279205322266]",23.90062425915,257.2639294630647,0.9890802502632141,"11506 North Short Ln, Town of Agenda.png"
3,1,Garage,"[763.9398193359375, 1100.128662109375, 820.5821533203125, 1154.39111328125]",109.40648794535,1177.6404955949527,0.9203916788101196,"11506 North Short Ln, Town of Agenda.png"
4,2,House,"[697.9804077148438, 225.93942260742188, 752.6327514648438, 312.4875793457031]",178.30812256702498,1919.2908004992,0.9134510159492493,"11506 North Short Ln, Town of Agenda.png"
5,2,House,"[826.15966796875, 1167.3050537109375, 875.7427978515625, 1239.4156494140625]",108.262728698625,1165.3291854391296,0.7848753333091736,"11506 North Short Ln, Town of Agenda.png"
6,1,Garage,"[679.9713745117188, 708.8799438476562, 739.8109741210938, 748.9557495117188]",82.42954571224999,887.2633870920877,0.768386960029602,"11506 North Short Ln, Town of Agenda.png"
7,2,House,"[648.2273559570312, 349.12774658203125, 725.1953735351562, 415.75079345703125]",145.69126404834998,1568.2061970900343,0.62691330909729,"11506 North Short Ln, Town of Agenda.png"
9,2,House,"[643.474609375, 129.44775390625, 693.1202392578125, 227.82077026367188]",185.249557995425,1994.007717306955,0.2702188193798065,"11506 North Short Ln, Town of Agenda.png"
