object_id,class_id,class_name,bbox,area_m2,area_ft2,score,file
0,2,House,"[14.466136932373047, 257.89630126953125, 120.72715759277344, 351.18896484375]",270.2427020193,2908.865420265543,0.9986699819564819,"11667 Agenda Rd, Town of Agenda.png"
1,2,House,"[598.7285766601562, 588.5621948242188, 675.7832641601562, 659.3428344726562]",114.77032441275,1235.3762949463996,0.9943304061889648,"11667 Agenda Rd, Town of Agenda.png"
3,1,Garage,"[613.0836181640625, 703.000732421875, 659.9781494140625, 749.2222900390625]",72.25403241379999,777.7351794989016,0.989004909992218,"11667 Agenda Rd, Town of Agenda.png"
