object_id,class_id,class_name,bbox,area_m2,area_ft2,score,file
0,2,House,"[533.151123046875, 629.1339111328125, 590.5504150390625, 692.8701171875]",111.89120630892499,1204.3857555886377,0.8486239910125732,"11698 Flambeau Ln E, Town of Agenda.png"
