object_id,class_id,class_name,bbox,area_m2,area_ft2,score,file
0,2,House,"[1163.15380859375, 902.734619140625, 1238.5224609375, 971.9189453125]",110.82632701025,1192.92350130563,0.9990679621696472,"11749 Agenda Rd, Town of Agenda.png"
1,2,House,"[576.2615966796875, 572.0166015625, 682.5479736328125, 662.717041015625]",273.00350020105,2938.582375814082,0.9987457990646362,"11749 Agenda Rd, Town of Agenda.png"
2,1,Garage,"[1176.33740234375, 1016.3018188476562, 1224.938720703125, 1061.154541015625]",74.3049110631,799.8106321921019,0.9770723581314087,"11749 Agenda Rd, Town of Agenda.png"
