object_id,class_id,class_name,bbox,area_m2,area_ft2,score,file
0,2,House,"[1129.3697509765625, 924.5571899414062, 1228.1854248046875, 1024.457275390625]",271.34702129199997,2920.752202484958,0.9994077682495117,"11843 Flambeau Rd, Town of Agenda.png"
1,2,House,"[1269.274169921875, 814.7083129882812, 1280.0, 859.9628295898438]",17.1958286749,185.0941802737561,0.9747427701950073,"11843 Flambeau Rd, Town of Agenda.png"
2,2,House,"[1259.37646484375, 985.6930541992188, 1278.785400390625, 1033.415283203125]",32.380218674525,348.5374357907196,0.7646747827529907,"11843 Flambeau Rd, Town of Agenda.png"
