object_id,class_id,class_name,bbox,area_m2,area_ft2,score,file
0,2,House,"[229.42779541015625, 824.0467529296875, 308.51043701171875, 874.8839111328125]",140.997907139375,1517.6873726575186,0.9984650611877441,"11898 Agenda Rd, Town of Agenda.png"
1,1,Garage,"[254.80938720703125, 303.3735656738281, 288.8739013671875, 358.6114196777344]",69.532674206075,748.4427518867707,0.9880334138870239,"11898 Agenda Rd, Town of Agenda.png"
2,1,Garage,"[296.2803649902344, 947.3956298828125, 335.3451843261719, 990.178955078125]",61.092519764725,657.5937734955234,0.9833109378814697,"11898 Agenda Rd, Town of Agenda.png"
