object_id,class_id,class_name,bbox,area_m2,area_ft2,score,file
0,2,House,"[541.90234375, 696.1008911132812, 592.65283203125, 765.9406127929688]",119.89752103599999,1290.5649266794003,0.9998457431793213,"11950 Flambeau Rd, Town of Agenda.png"
1,1,Garage,"[614.1057739257812, 611.7214965820312, 667.8435668945312, 653.6022338867188]",73.6738714787,793.0181852095789,0.9994097948074341,"11950 Flambeau Rd, Town of Agenda.png"
2,2,House,"[733.1228637695312, 568.4696655273438, 802.3905639648438, 672.9290161132812]",182.76483963184998,1967.26245731327,0.9922181367874146,"11950 Flambeau Rd, Town of Agenda.png"
3,2,House,"[784.3844604492188, 305.9907531738281, 909.7161254882812, 387.2342834472656]",351.3312886147,3781.694857519769,0.9775010347366333,"11950 Flambeau Rd, Town of Agenda.png"
