object_id,class_id,class_name,bbox,area_m2,area_ft2,score,file
0,2,House,"[643.3314819335938, 1026.288818359375, 741.9336547851562, 1078.718505859375]",169.4341284114,1823.7720148074684,0.9993225336074829,"11994 Agenda Rd, Town of Agenda.png"
1,2,House,"[218.79736328125, 267.5191345214844, 301.82684326171875, 366.5713806152344]",292.01356768109997,3143.204841162592,0.9980649352073669,"11994 Agenda Rd, Town of Agenda.png"
2,1,Garage,"[668.29248046875, 504.0379333496094, 703.984619140625, 562.428466796875]",77.026269270825,829.1030598042331,0.9909091591835022,"11994 Agenda Rd, Town of Agenda.png"
3,1,Garage,"[212.21127319335938, 196.93853759765625, 276.1173400878906, 236.67694091796875]",97.81113558199999,1052.8292822910896,0.983806848526001,"11994 Agenda Rd, Town of Agenda.png"
4,1,Garage,"[709.4461059570312, 1149.260986328125, 751.2097778320312, 1193.056884765625]",65.27315701137499,702.5937347547392,0.9775727987289429,"11994 Agenda Rd, Town of Agenda.png"
5,1,Garage,"[628.5985717773438, 590.8290405273438, 672.5205688476562, 672.9932250976562]",132.39999280192498,1425.1402825206403,0.5001438856124878,"11994 Agenda Rd, Town of Agenda.png"
