object_id,class_id,class_name,bbox,area_m2,area_ft2,score,file
0,2,House,"[608.50244140625, 596.3216552734375, 673.2376708984375, 668.6234130859375]",142.73326599647498,1536.366601859457,0.9997372031211853,"12029 Flambeau Rd, Town of Agenda.png"
1,2,House,"[398.9685363769531, 414.96563720703125, 469.2112121582031, 520.017333984375]",205.2456248261,2209.2433810656576,0.9991195797920227,"12029 Flambeau Rd, Town of Agenda.png"
2,1,Garage,"[970.2446899414062, 872.38037109375, 1036.327880859375, 906.1083984375]",80.69418685515,868.584157890149,0.977331817150116,"12029 Flambeau Rd, Town of Agenda.png"
3,1,Garage,"[439.07550048828125, 680.5952758789062, 489.27044677734375, 747.9976196289062]",111.77288638684999,1203.1121717794147,0.9707390069961548,"12029 Flambeau Rd, Town of Agenda.png"
