object_id,class_id,class_name,bbox,area_m2,area_ft2,score,file
0,2,House,"[838.1019287109375, 709.7196655273438, 921.14013671875, 804.9970092773438]",283.81005308389996,3054.9030303897907,0.9983939528465271,"12021 Agenda Rd, Town of Agenda.png"
1,2,House,"[833.0250244140625, 637.5546264648438, 894.5057373046875, 677.8370971679688]",93.078338699,1001.885929922166,0.7679677605628967,"12021 Agenda Rd, Town of Agenda.png"
