object_id,class_id,class_name,bbox,area_m2,area_ft2,score,file
0,2,House,"[794.0977172851562, 448.705810546875, 857.0769653320312, 526.6259155273438]",142.969905840625,1538.9137694779033,0.999629020690918,"12025 Flambeau Rd, Town of Agenda.png"
1,2,House,"[582.8486328125, 272.44146728515625, 647.9833984375, 374.8177490234375]",195.97723093022498,2109.4793160098484,0.9994474053382874,"12025 Flambeau Rd, Town of Agenda.png"
2,1,Garage,"[1155.310302734375, 726.844970703125, 1220.488525390625, 760.1689453125]",80.37866706295,865.1879343988875,0.9935872554779053,"12025 Flambeau Rd, Town of Agenda.png"
3,2,House,"[622.3876342773438, 531.7469482421875, 674.3219604492188, 601.1446533203125]",109.682567763525,1180.6121911498067,0.8273506164550781,"12025 Flambeau Rd, Town of Agenda.png"
