object_id,class_id,class_name,bbox,area_m2,area_ft2,score,file
0,2,House,"[586.8360595703125, 597.4845581054688, 677.419189453125, 667.2161254882812]",180.595641060475,1943.913420810847,0.7345870733261108,"12184 Willow Ln, Town of Agenda.png"
1,2,House,"[420.88873291015625, 430.45025634765625, 566.6664428710938, 536.4170532226562]",360.04752287422497,3875.51553146587,0.5245925784111023,"12184 Willow Ln, Town of Agenda.png"
