object_id,class_id,class_name,bbox,area_m2,area_ft2,score,file
0,2,House,"[246.58944702148438, 21.80569839477539, 323.0267028808594, 100.67616271972656]",118.4776819711,1275.2819209687232,0.8340314030647278,"12214 South Park Rd, Town of Agenda.png"
