object_id,class_id,class_name,bbox,area_m2,area_ft2,score,file
0,2,House,"[590.7301025390625, 595.4025268554688, 678.6439208984375, 655.2681274414062]",167.38324976209998,1801.6965621142679,0.9921979308128357,"12431 Agenda Rd, Town of Agenda.png"
1,1,Garage,"[553.2386474609375, 505.4783935546875, 581.0625, 544.449951171875]",38.532854622425,414.76379387032046,0.45751672983169556,"12431 Agenda Rd, Town of Agenda.png"
