object_id,class_id,class_name,bbox,area_m2,area_ft2,score,file
0,2,House,"[302.4466247558594, 572.8587036132812, 377.0018615722656, 649.7361450195312]",136.85670986674998,1473.11193933471,0.9996155500411987,"12438 Cherry Ln, Town of Agenda.png"
1,1,Garage,"[355.4482116699219, 653.6542358398438, 428.3977355957031, 713.2023315429688]",110.9052069583,1193.7725571784454,0.9844918847084045,"12438 Cherry Ln, Town of Agenda.png"
3,2,House,"[598.0230102539062, 568.7183837890625, 693.8298950195312, 710.272705078125]",303.175080330175,3263.3462471659705,0.9288672804832458,"12438 Cherry Ln, Town of Agenda.png"
