object_id,class_id,class_name,bbox,area_m2,area_ft2,score,file
0,2,House,"[230.0213623046875, 1201.7430419921875, 328.22406005859375, 1268.2000732421875]",222.63865337112497,2396.460201021452,0.9755498766899109,"12588 South Park Rd, Town of Agenda.png"
1,1,Garage,"[213.1774139404297, 859.8236083984375, 264.2060546875, 918.09814453125]",111.65456646477499,1201.8385879701914,0.9015452265739441,"12588 South Park Rd, Town of Agenda.png"
