object_id,class_id,class_name,bbox,area_m2,area_ft2,score,file
0,2,House,"[714.52880859375, 272.16900634765625, 792.3421630859375, 408.32855224609375]",321.59354819985,3461.600793468365,0.9996985197067261,"12742 Cherry Ln, Town of Agenda.png"
1,1,Garage,"[613.473388671875, 604.734375, 682.0218505859375, 681.1163330078125]",173.575325684025,1868.3474481302765,0.9957959651947021,"12742 Cherry Ln, Town of Agenda.png"
