object_id,class_id,class_name,bbox,area_m2,area_ft2,score,file
0,2,House,"[598.2957763671875, 590.364990234375, 687.458984375, 682.6473388671875]",205.521704644275,2212.2150766205114,0.9989808201789856,"12846 Flambeau Rd, Town of Agenda.png"
1,5,Trailer,"[679.2860717773438, 1043.755126953125, 726.3755493164062, 1148.497314453125]",95.08977737427499,1023.5368546789585,0.996955156326294,"12846 Flambeau Rd, Town of Agenda.png"
2,5,Trailer,"[537.3978271484375, 1099.2813720703125, 560.833984375, 1172.3758544921875]",62.275718985474995,670.3296115877542,0.9716688990592957,"12846 Flambeau Rd, Town of Agenda.png"
3,1,Garage,"[713.7786865234375, 796.9957885742188, 784.9830322265625, 922.2798461914062]",286.1764515254,3080.374706574253,0.7219799757003784,"12846 Flambeau Rd, Town of Agenda.png"
4,5,Trailer,"[622.9095458984375, 411.09100341796875, 693.240478515625, 472.5059814453125]",56.833002570024995,611.744756363492,0.6339977383613586,"12846 Flambeau Rd, Town of Agenda.png"
