object_id,class_id,class_name,bbox,area_m2,area_ft2,score,file
0,1,Garage,"[329.7826232910156, 558.2813720703125, 411.1127624511719, 614.4781494140625]",134.49031142524998,1447.6402631502483,0.9655706286430359,"12904 Cherry Ln, Town of Agenda.png"
1,2,House,"[404.4811706542969, 450.0815124511719, 458.7857971191406, 513.9537963867188]",97.929455504075,1054.102866100313,0.9105643033981323,"12904 Cherry Ln, Town of Agenda.png"
3,1,Garage,"[735.2171630859375, 523.0528564453125, 765.9593505859375, 544.1871337890625]",22.8751849345,246.22620311646452,0.5226566195487976,"12904 Cherry Ln, Town of Agenda.png"
