object_id,class_id,class_name,bbox,area_m2,area_ft2,score,file
0,2,House,"[609.1936645507812, 428.4760437011719, 664.2022094726562, 473.9657897949219]",83.65218490702499,900.4237531207262,0.9988464117050171,"12937 Agenda Rd, Town of Agenda.png"
1,1,Garage,"[1141.1971435546875, 547.8857421875, 1206.3641357421875, 605.0689697265625]",113.07440552967499,1217.1215936808685,0.9968653321266174,"12937 Agenda Rd, Town of Agenda.png"
2,1,Garage,"[1113.8092041015625, 657.9269409179688, 1168.7796630859375, 704.3805541992188]",77.1445891929,830.3766436134563,0.9931740164756775,"12937 Agenda Rd, Town of Agenda.png"
3,2,House,"[1172.81884765625, 761.6004028320312, 1240.785400390625, 809.5745239257812]",89.41042111467499,962.4048318362501,0.9897807836532593,"12937 Agenda Rd, Town of Agenda.png"
4,1,Garage,"[615.4503784179688, 589.7236938476562, 661.9559936523438, 668.4163208007812]",127.15447625659999,1368.6780669784166,0.9647064805030823,"12937 Agenda Rd, Town of Agenda.png"
6,1,Garage,"[701.2949829101562, 572.5836181640625, 736.7854614257812, 613.3204345703125]",50.522606726024996,543.8202865382605,0.9280204772949219,"12937 Agenda Rd, Town of Agenda.png"
7,2,House,"[1212.309326171875, 568.4251098632812, 1277.95068359375, 631.4465942382812]",120.252480802225,1294.3856781070695,0.8898406624794006,"12937 Agenda Rd, Town of Agenda.png"
