object_id,class_id,class_name,bbox,area_m2,area_ft2,score,file
0,1,Garage,"[210.0310516357422, 422.1204833984375, 277.3524475097656, 488.7491455078125]",98.67881501055,1062.1688968920591,0.9972533583641052,"13362 Elmwood Rd, Town of Agenda.png"
1,2,House,"[168.67816162109375, 471.84979248046875, 240.5499267578125, 547.5939331054688]",118.16216217889999,1271.8856974774615,0.978478193283081,"13362 Elmwood Rd, Town of Agenda.png"
3,2,House,"[626.373046875, 606.7546997070312, 679.57861328125, 692.2666625976562]",125.85295711377499,1354.6686450769625,0.9296714663505554,"13362 Elmwood Rd, Town of Agenda.png"
