object_id,class_id,class_name,bbox,area_m2,area_ft2,score,file
0,2,House,"[529.4239501953125, 619.8982543945312, 597.97802734375, 665.3778686523438]",97.77169560797499,1052.404754354682,0.9984887838363647,"13678 Agenda Rd, Town of Agenda.png"
1,2,House,"[707.0689697265625, 593.8250732421875, 782.0689697265625, 631.2384033203125]",92.52617906265,995.9425388124583,0.9955839514732361,"13678 Agenda Rd, Town of Agenda.png"
3,1,Garage,"[929.6782836914062, 609.5700073242188, 970.7716674804688, 636.3049926757812]",31.591419194024997,340.04687706256567,0.46357351541519165,"13678 Agenda Rd, Town of Agenda.png"
