object_id,class_id,class_name,bbox,area_m2,area_ft2,score,file
0,1,Garage,"[80.84991455078125, 705.1553344726562, 154.3561248779297, 782.4760131835938]",179.45188181375,1931.6021106550234,0.9691781401634216,"13876 Ash Ln, Town of Agenda.png"
