object_id,class_id,class_name,bbox,area_m2,area_ft2,score,file
0,2,House,"[909.7381591796875, 388.8150939941406, 1044.618408203125, 530.5596313476562]",352.43560788739995,3793.581639739184,0.9995418787002563,"13879 Ash Ln, Town of Agenda.png"
