object_id,class_id,class_name,bbox,area_m2,area_ft2,score,file
0,2,House,"[1194.8087158203125, 99.7903060913086, 1278.0987548828125, 153.0625]",170.73564755422498,1837.7814367089222,0.9989908337593079,"13939 Agenda Rd, Town of Agenda.png"
1,1,Garage,"[971.4019775390625, 37.204376220703125, 1011.8468017578125, 100.69046020507812]",88.5033017121,952.6406892988731,0.9691457748413086,"13939 Agenda Rd, Town of Agenda.png"
2,2,House,"[932.2910766601562, 196.26100158691406, 976.5264282226562, 278.0272216796875]",129.91527443835,1398.3950225269555,0.9644685387611389,"13939 Agenda Rd, Town of Agenda.png"
3,2,House,"[1226.91064453125, 288.608642578125, 1278.4384765625, 391.23760986328125]",192.6248331381,2073.3944414151947,0.8798173666000366,"13939 Agenda Rd, Town of Agenda.png"
4,2,House,"[968.1312255859375, 0.8899421691894531, 1021.288330078125, 37.46683883666992]",71.110273167075,765.4238693430785,0.4135163128376007,"13939 Agenda Rd, Town of Agenda.png"
