object_id,class_id,class_name,bbox,area_m2,area_ft2,score,file
0,2,House,"[320.5796203613281, 1087.9210205078125, 366.4570007324219, 1169.2076416015625]",132.0450330357,1421.3195310929711,0.997287392616272,"13980 Agenda Rd, Town of Agenda.png"
1,1,Garage,"[358.69866943359375, 931.1654663085938, 401.0167236328125, 991.1694946289062]",93.7093782834,1008.6783769046892,0.9890992641448975,"13980 Agenda Rd, Town of Agenda.png"
2,2,House,"[773.7838745117188, 625.2862548828125, 858.1817016601562, 712.5736083984375]",144.27142498345,1552.9231913793574,0.9849646687507629,"13980 Agenda Rd, Town of Agenda.png"
4,2,House,"[706.830810546875, 857.5296020507812, 748.502685546875, 934.6198120117188]",109.40648794535,1177.6404955949527,0.9692628979682922,"13980 Agenda Rd, Town of Agenda.png"
7,1,Garage,"[395.2600402832031, 687.78173828125, 463.2249450683594, 744.6883544921875]",112.1672861271,1207.3574511434915,0.8187662363052368,"13980 Agenda Rd, Town of Agenda.png"
8,1,Garage,"[357.526123046875, 881.5337524414062, 408.418212890625, 936.3114624023438]",89.2921011926,961.1312480270271,0.7267956137657166,"13980 Agenda Rd, Town of Agenda.png"
10,5,Trailer,"[588.7567749023438, 583.497802734375, 739.5459594726562, 662.932373046875]",213.173059605125,2294.573496283605,0.5395798683166504,"13980 Agenda Rd, Town of Agenda.png"
