object_id,class_id,class_name,bbox,area_m2,area_ft2,score,file
0,1,Garage,"[719.0853271484375, 1054.4593505859375, 777.607177734375, 1100.3846435546875]",94.1826579717,1013.7727121415816,0.9986553192138672,"14021 Orchard Rd, Town of Agenda.png"
1,2,House,"[787.698974609375, 1052.0838623046875, 857.2471923828125, 1104.5137939453125]",124.59087794497499,1341.0837511119162,0.9977518916130066,"14021 Orchard Rd, Town of Agenda.png"
2,2,House,"[618.36669921875, 601.4849243164062, 678.86865234375, 668.4921264648438]",129.20535490589998,1390.7535196716167,0.9939595460891724,"14021 Orchard Rd, Town of Agenda.png"
3,1,Garage,"[661.267822265625, 973.5303955078125, 714.78173828125, 1062.552001953125]",182.488759813675,1964.2907617584162,0.9931864738464355,"14021 Orchard Rd, Town of Agenda.png"
