object_id,class_id,class_name,bbox,area_m2,area_ft2,score,file
0,2,House,"[485.10296630859375, 475.1131286621094, 619.2206420898438, 545.67138671875]",255.531591707975,2750.516499985472,0.9975757002830505,"14215 Tamarack Ln, Town of Agenda.png"
1,2,House,"[614.3091430664062, 602.2307739257812, 670.7827758789062, 655.0180053710938]",108.30216867265,1165.7537133755372,0.9791943430900574,"14215 Tamarack Ln, Town of Agenda.png"
