object_id,class_id,class_name,bbox,area_m2,area_ft2,score,file
0,2,House,"[616.5633544921875, 617.3048095703125, 666.0216064453125, 664.70849609375]",80.69418685515,868.584157890149,0.907805860042572,"14372 Hoffman Lake Rd, Town of Agenda.png"
