object_id,class_id,class_name,bbox,area_m2,area_ft2,score,file
0,2,House,"[93.60061645507812, 1068.31298828125, 160.63839721679688, 1132.613525390625]",137.32998955505,1478.2062745716025,0.999675989151001,"14532 Orchard Rd, Town of Agenda.png"
1,2,House,"[629.1575927734375, 443.7518310546875, 745.348876953125, 562.354248046875]",254.42727243527497,2738.6297177660563,0.999631404876709,"14532 Orchard Rd, Town of Agenda.png"
2,2,House,"[0.9171886444091797, 338.7399597167969, 46.944976806640625, 394.9414978027344]",83.13946524469999,894.9048899474262,0.9991081357002258,"14532 Orchard Rd, Town of Agenda.png"
3,1,Garage,"[542.4425048828125, 626.6016845703125, 619.1817626953125, 692.989013671875]",134.8847111655,1451.8855425143254,0.9894558787345886,"14532 Orchard Rd, Town of Agenda.png"
4,2,House,"[71.56735229492188, 1192.276611328125, 129.36285400390625, 1247.770263671875]",99.15209469885,1067.2632321289514,0.7878908514976501,"14532 Orchard Rd, Town of Agenda.png"
