object_id,class_id,class_name,bbox,area_m2,area_ft2,score,file
0,2,House,"[543.9568481445312, 490.0141296386719, 604.7988891601562, 592.3238525390625]",187.37931659277498,2016.9322258729705,0.9990912675857544,"14563 Orchard Rd, Town of Agenda.png"
1,1,Garage,"[594.1825561523438, 599.880615234375, 696.8112182617188, 665.890380859375]",195.89835098217497,2108.630260137033,0.9960715770721436,"14563 Orchard Rd, Town of Agenda.png"
2,2,House,"[1192.6812744140625, 887.4909057617188, 1268.3607177734375, 953.4537963867188]",131.453433425325,1414.9516120468556,0.9316034317016602,"14563 Orchard Rd, Town of Agenda.png"
