object_id,class_id,class_name,bbox,area_m2,area_ft2,score,file
0,2,House,"[2.4913291931152344, 480.01544189453125, 69.94375610351562, 572.1159057617188]",141.5106268017,1523.2062358308185,0.9995459914207458,"14668 Orchard Rd, Town of Agenda.png"
1,1,Garage,"[155.00672912597656, 620.63525390625, 185.5909881591797, 655.122802734375]",26.858622311024998,289.103524693642,0.9602757692337036,"14668 Orchard Rd, Town of Agenda.png"
