object_id,class_id,class_name,bbox,area_m2,area_ft2,score,file
0,2,House,"[674.0599365234375, 1029.7144775390625, 735.7113037109375, 1084.9088134765625]",118.20160215292499,1272.3102254138694,0.9995564818382263,"14736 Orchard Rd, Town of Agenda.png"
1,1,Garage,"[784.12841796875, 999.548828125, 841.234375, 1044.032470703125]",94.1826579717,1013.7727121415816,0.9623355865478516,"14736 Orchard Rd, Town of Agenda.png"
