object_id,class_id,class_name,bbox,area_m2,area_ft2,score,file
0,2,House,"[469.7518615722656, 464.0556640625, 534.45947265625, 538.3959350585938]",116.86064303607499,1257.8762755760076,0.9997524619102478,"14877 Orchard Rd, Town of Agenda.png"
1,1,Garage,"[598.1495971679688, 593.3284912109375, 701.4431762695312, 667.65185546875]",211.27994085192498,2274.196155336035,0.8251121044158936,"14877 Orchard Rd, Town of Agenda.png"
