object_id,class_id,class_name,bbox,area_m2,area_ft2,score,file
0,2,House,"[346.43719482421875, 599.48388671875, 443.4788818359375, 671.9473876953125]",251.39039443534998,2705.9410666626636,0.9888669848442078,"14951 Orchard Rd, Town of Agenda.png"
1,2,House,"[399.16400146484375, 689.4050903320312, 447.99822998046875, 802.7599487304688]",202.7214664885,2182.0735931355653,0.9881541728973389,"14951 Orchard Rd, Town of Agenda.png"
