object_id,class_id,class_name,bbox,area_m2,area_ft2,score,file
0,2,House,"[386.3683776855469, 475.467529296875, 450.9375915527344, 546.1995239257812]",104.9103309065,1129.2443108444752,0.9986653327941895,"15022 Elmwood Rd, Town of Agenda.png"
1,2,House,"[602.611083984375, 507.6187744140625, 694.3907470703125, 622.532470703125]",250.483275032775,2696.176924125287,0.9983009696006775,"15022 Elmwood Rd, Town of Agenda.png"
2,1,Garage,"[500.76263427734375, 452.38958740234375, 553.8822631835938, 487.80322265625]",45.947569739125,494.5750459149676,0.9889687299728394,"15022 Elmwood Rd, Town of Agenda.png"
4,1,Garage,"[589.8538208007812, 680.8338623046875, 687.0116577148438, 762.2530517578125]",214.19849892977498,2305.611222630205,0.9673479199409485,"15022 Elmwood Rd, Town of Agenda.png"
