object_id,class_id,class_name,bbox,area_m2,area_ft2,score,file
0,2,House,"[596.441162109375, 556.7957763671875, 696.5311279296875, 688.4593505859375]",265.11550539604997,2853.676788532542,0.98667973279953,"15100 North Park Rd, Town of Agenda.png"
1,2,House,"[405.5122375488281, 474.9417724609375, 471.1282653808594, 527.5062866210938]",127.66719591892499,1374.1969301517167,0.976175844669342,"15100 North Park Rd, Town of Agenda.png"
