object_id,class_id,class_name,bbox,area_m2,area_ft2,score,file
0,2,House,"[601.8922729492188, 609.5139770507812, 688.5454711914062, 653.3980102539062]",102.14953272474999,1099.5273552959363,0.9972357153892517,"15344 Elmwood Rd, Town of Agenda.png"
1,1,Garage,"[361.65191650390625, 390.4394836425781, 415.51495361328125, 432.8929748535156]",76.82906940069999,826.9804201221946,0.9957049489021301,"15344 Elmwood Rd, Town of Agenda.png"
2,1,Garage,"[463.95330810546875, 395.4472351074219, 488.35089111328125, 433.4908142089844]",32.26189875245,347.26385198149654,0.9846096038818359,"15344 Elmwood Rd, Town of Agenda.png"
3,2,House,"[531.5430908203125, 331.72064208984375, 598.78173828125, 385.76123046875]",111.61512649075,1201.414060033784,0.9608616828918457,"15344 Elmwood Rd, Town of Agenda.png"
