object_id,class_id,class_name,bbox,area_m2,area_ft2,score,file
0,2,House,"[964.4685668945312, 798.1456298828125, 1027.9940185546875, 847.1710205078125]",101.400173218275,1091.4613245041903,0.9993950128555298,"15353 Apple Ln S, Town of Agenda.png"
1,2,House,"[0.028820037841796875, 951.1556396484375, 46.10724639892578, 1031.520263671875]",122.1061595814,1314.3384911182313,0.9944215416908264,"15353 Apple Ln S, Town of Agenda.png"
2,1,Garage,"[1021.889404296875, 890.5252075195312, 1074.69482421875, 949.4512329101562]",95.95745680282499,1032.876469279928,0.9939278364181519,"15353 Apple Ln S, Town of Agenda.png"
3,2,House,"[166.04876708984375, 869.6845703125, 248.74508666992188, 912.80224609375]",131.17735360715,1411.9799164920018,0.9820001721382141,"15353 Apple Ln S, Town of Agenda.png"
4,2,House,"[1063.2091064453125, 1029.1744384765625, 1147.2894287109375, 1108.9913330078125]",198.264749423675,2134.101936321495,0.93055260181427,"15353 Apple Ln S, Town of Agenda.png"
5,2,House,"[269.8133850097656, 921.0919799804688, 319.5746765136719, 1016.2058715820312]",170.45956773605,1834.8097411540684,0.4404900372028351,"15353 Apple Ln S, Town of Agenda.png"
