object_id,class_id,class_name,bbox,area_m2,area_ft2,score,file
0,2,House,"[354.0713806152344, 662.9244995117188, 436.6036071777344, 749.2876586914062]",147.5055028535,1587.7344821647885,0.9976741671562195,"15397 S Apple Ln, Town of Agenda.png"
1,2,House,"[518.4939575195312, 795.5101318359375, 593.8938598632812, 875.733154296875]",124.47255802289999,1339.8101673026931,0.9952186942100525,"15397 S Apple Ln, Town of Agenda.png"
