object_id,class_id,class_name,bbox,area_m2,area_ft2,score,file
0,2,House,"[509.6926574707031, 550.222900390625, 582.5413208007812, 625.1593017578125]",164.5435716323,1771.1305506929139,0.9985063672065735,"15588 Elmwood Rd, Town of Agenda.png"
1,1,Garage,"[692.3336181640625, 506.6064147949219, 735.8289794921875, 564.4647216796875]",87.8722621277,945.8482423163499,0.9984952211380005,"15588 Elmwood Rd, Town of Agenda.png"
2,1,Garage,"[572.0698852539062, 707.235595703125, 631.1913452148438, 757.9105224609375]",105.107530776625,1131.3669505265138,0.9956607222557068,"15588 Elmwood Rd, Town of Agenda.png"
3,1,Garage,"[433.291259765625, 758.313720703125, 455.83111572265625, 797.1168212890625]",33.20845812905,357.45252245528127,0.9518116116523743,"15588 Elmwood Rd, Town of Agenda.png"
4,1,Garage,"[712.0637817382812, 601.1775512695312, 771.3091430664062, 692.6266479492188]",176.415003813825,1898.9134595516307,0.7530629634857178,"15588 Elmwood Rd, Town of Agenda.png"
