object_id,class_id,class_name,bbox,area_m2,area_ft2,score,file
0,2,House,"[78.84518432617188, 1052.4373779296875, 181.53277587890625, 1136.3424072265625]",235.6932847734,2536.9789479724,0.9994469285011292,"15592 Orchard Rd, Town of Agenda.png"
2,2,House,"[645.5405883789062, 515.1882934570312, 704.7085571289062, 565.7588500976562]",113.35048534785,1220.0932892357225,0.9807832837104797,"15592 Orchard Rd, Town of Agenda.png"
3,2,House,"[592.3304443359375, 657.8988037109375, 663.13671875, 724.9365234375]",149.2408617106,1606.4137113667273,0.9740085601806641,"15592 Orchard Rd, Town of Agenda.png"
5,2,House,"[0.8190035820007324, 1070.580810546875, 13.322134017944336, 1134.07861328125]",21.1398260774,227.54697391452584,0.2611633241176605,"15592 Orchard Rd, Town of Agenda.png"
