object_id,class_id,class_name,bbox,area_m2,area_ft2,score,file
0,1,Garage,"[605.9727783203125, 641.9615478515625, 667.681884765625, 709.478515625]",84.63818425765,911.0369515309187,0.9987371563911438,"15782 Raven Ln, Town of Agenda.png"
1,1,Garage,"[614.9461669921875, 588.42431640625, 695.293212890625, 661.568115234375]",121.1596002048,1304.1498206444467,0.9759982228279114,"15782 Raven Ln, Town of Agenda.png"
