object_id,class_id,class_name,bbox,area_m2,area_ft2,score,file
0,1,Garage,"[631.1674194335938, 726.5180053710938, 663.4193725585938, 764.6715698242188]",46.46028940145,500.0939090882676,0.9924446940422058,"15878 Orchard Rd, Town of Agenda.png"
1,1,Garage,"[744.0775756835938, 1136.2027587890625, 789.1808471679688, 1184.6558837890625]",81.87738607589999,881.3199959823799,0.9458430409431458,"15878 Orchard Rd, Town of Agenda.png"
