object_id,class_id,class_name,bbox,area_m2,area_ft2,score,file
0,2,House,"[251.81582641601562, 637.1055297851562, 331.9219665527344, 689.8790893554688]",151.37062030795,1629.338219932743,0.9994326233863831,"15972 Elmwood Rd, Town of Agenda.png"
1,1,Garage,"[213.1937255859375, 55.06108093261719, 281.94610595703125, 113.28364562988281]",124.86695776315,1344.0554466667702,0.999325156211853,"15972 Elmwood Rd, Town of Agenda.png"
2,2,House,"[156.89260864257812, 781.7479248046875, 208.25424194335938, 868.697509765625]",151.094540489775,1626.3665243778892,0.9958178400993347,"15972 Elmwood Rd, Town of Agenda.png"
3,2,House,"[147.2005615234375, 61.95659255981445, 202.17507934570312, 152.29469299316406]",150.542380853425,1620.4231332681811,0.993970513343811,"15972 Elmwood Rd, Town of Agenda.png"
4,2,House,"[621.4216918945312, 722.808349609375, 685.2937622070312, 787.2093505859375]",143.99534516527498,1549.9514958245034,0.9919569492340088,"15972 Elmwood Rd, Town of Agenda.png"
5,1,Garage,"[242.5833282470703, 217.4278106689453, 314.3205871582031, 278.31585693359375]",152.7115794248,1643.7721697706045,0.9893234372138977,"15972 Elmwood Rd, Town of Agenda.png"
7,2,House,"[627.6171875, 575.3339233398438, 680.594970703125, 678.6572875976562]",114.88864433482499,1236.6498787556227,0.7123313546180725,"15972 Elmwood Rd, Town of Agenda.png"
