object_id,class_id,class_name,bbox,area_m2,area_ft2,score,file
0,1,Garage,"[682.7799682617188, 595.5219116210938, 724.1657104492188, 649.1830444335938]",71.741312751475,772.2163163256016,0.9551925659179688,"16047 Pinehaven Rd, Town of Agenda.png"
