object_id,class_id,class_name,bbox,area_m2,area_ft2,score,file
0,2,House,"[936.1060791015625, 405.2763671875, 1004.50537109375, 511.01324462890625]",195.89835098217497,2108.630260137033,0.999811589717865,"16100 Pinehaven Rd, Town of Agenda.png"
1,1,Garage,"[743.8837280273438, 501.88958740234375, 792.1953735351562, 557.2354125976562]",95.20809729634999,1024.8104384881817,0.9993579983711243,"16100 Pinehaven Rd, Town of Agenda.png"
2,1,Garage,"[293.9616394042969, 978.9450073242188, 360.4930725097656, 1033.0853271484375]",119.621441217825,1287.5932311245465,0.9989489912986755,"16100 Pinehaven Rd, Town of Agenda.png"
3,1,Garage,"[321.1206970214844, 1138.2686767578125, 392.8913879394531, 1201.9490966796875]",149.438061580725,1608.5363510487657,0.9954782128334045,"16100 Pinehaven Rd, Town of Agenda.png"
4,1,Garage,"[903.7750244140625, 344.4840393066406, 970.6734619140625, 413.4943542480469]",103.37217191952499,1112.687721324575,0.9745408892631531,"16100 Pinehaven Rd, Town of Agenda.png"
5,2,House,"[756.6931762695312, 583.6934204101562, 821.6362915039062, 645.0936889648438]",137.921589165425,1484.574193617718,0.9711568355560303,"16100 Pinehaven Rd, Town of Agenda.png"
6,1,Garage,"[227.09469604492188, 985.912353515625, 282.3533020019531, 1070.879150390625]",147.544942827525,1588.1590101011964,0.9320763349533081,"16100 Pinehaven Rd, Town of Agenda.png"
