object_id,class_id,class_name,bbox,area_m2,area_ft2,score,file
0,2,House,"[1084.1661376953125, 1150.8541259765625, 1150.4581298828125, 1226.2371826171875]",139.45974815239998,1501.1307831376182,0.9995890259742737,"16215 Orchard Ln, Town of Agenda.png"
1,1,Garage,"[957.2837524414062, 1160.299560546875, 1030.7734375, 1218.932373046875]",111.3784866466,1198.8668924153376,0.9901679754257202,"16215 Orchard Ln, Town of Agenda.png"
3,1,Garage,"[1130.826416015625, 860.595703125, 1184.244384765625, 911.32275390625]",79.471547660375,855.4237918615104,0.9816677570343018,"16215 Orchard Ln, Town of Agenda.png"
4,2,House,"[843.0072631835938, 545.2916259765625, 929.2528686523438, 702.181396484375]",281.9169343307,3034.5256894422214,0.9604021906852722,"16215 Orchard Ln, Town of Agenda.png"
5,1,Garage,"[957.9832763671875, 944.262451171875, 997.4346923828125, 980.4798583984375]",32.459098622575,349.386491663535,0.9579006433486938,"16215 Orchard Ln, Town of Agenda.png"
6,2,House,"[618.1979370117188, 594.0652465820312, 676.8120727539062, 665.9641723632812]",129.718074568225,1396.272382844917,0.8997589945793152,"16215 Orchard Ln, Town of Agenda.png"
7,1,Garage,"[1005.0845947265625, 1038.9246826171875, 1040.242431640625, 1092.7442626953125]",44.448850726174996,478.44298433147503,0.8535774946212769,"16215 Orchard Ln, Town of Agenda.png"
