object_id,class_id,class_name,bbox,area_m2,area_ft2,score,file
0,2,House,"[107.60444641113281, 857.8228149414062, 173.12315368652344, 955.1946411132812]",200.552267917125,2158.7245566331417,0.9997900128364563,"16260 Orchard Ln, Town of Agenda.png"
1,2,House,"[680.0498046875, 624.0729370117188, 745.94140625, 697.9733276367188]",134.687511295375,1449.762902832287,0.9994908571243286,"16260 Orchard Ln, Town of Agenda.png"
2,2,House,"[436.6813659667969, 12.420852661132812, 527.5731201171875, 166.64047241210938]",316.979071238925,3411.9310249086643,0.9934782981872559,"16260 Orchard Ln, Town of Agenda.png"
3,1,Garage,"[727.2227783203125, 333.70867919921875, 781.1103515625, 385.4051513671875]",79.6687475305,857.5464315435489,0.9887984395027161,"16260 Orchard Ln, Town of Agenda.png"
4,1,Garage,"[552.4305419921875, 634.430419921875, 626.24560546875, 691.8975830078125]",113.54768521797499,1222.215928917761,0.9870002865791321,"16260 Orchard Ln, Town of Agenda.png"
5,2,House,"[214.94345092773438, 68.70791625976562, 272.1724548339844, 138.58615112304688]",129.244794879925,1391.1780476080246,0.9848842620849609,"16260 Orchard Ln, Town of Agenda.png"
8,2,House,"[113.68669891357422, 754.6552734375, 154.94125366210938, 831.5736083984375]",118.00440228279999,1270.1875857318307,0.8518983125686646,"16260 Orchard Ln, Town of Agenda.png"
9,1,Garage,"[554.9251708984375, 417.4565124511719, 592.834228515625, 455.4689025878906]",30.565979869375,329.0091507159655,0.8141303062438965,"16260 Orchard Ln, Town of Agenda.png"
10,1,Garage,"[602.6783447265625, 512.7943115234375, 637.2147216796875, 566.9625244140625]",41.017572986,441.50905386400535,0.5278476476669312,"16260 Orchard Ln, Town of Agenda.png"
