object_id,class_id,class_name,bbox,area_m2,area_ft2,score,file
0,1,Garage,"[475.03387451171875, 794.1659545898438, 513.9617309570312, 847.5017700195312]",68.901634621675,741.6503049042475,0.7413316369056702,"16282 Pinehaven Rd, Town of Agenda.png"
