object_id,class_id,class_name,bbox,area_m2,area_ft2,score,file
0,1,Garage,"[819.9879760742188, 791.8737182617188, 861.4539184570312, 847.1704711914062]",63.65611807635,685.1880893620237,0.5036519765853882,"16323 Hardwood Ln, Town of Agenda.png"
