object_id,class_id,class_name,bbox,area_m2,area_ft2,score,file
0,1,Garage,"[612.4737548828125, 445.425537109375, 670.80322265625, 505.899658203125]",74.580990881275,802.782327746956,0.9990369081497192,"16392 Birchwood Ln, Town of Agenda.png"
1,2,House,"[588.2794189453125, 337.81573486328125, 681.5272216796875, 434.3675537109375]",159.692454827225,1718.913614514767,0.9988798499107361,"16392 Birchwood Ln, Town of Agenda.png"
2,1,Garage,"[544.79150390625, 761.4591674804688, 622.5074462890625, 822.7035522460938]",171.87940680095,1850.0927468647455,0.9968076944351196,"16392 Birchwood Ln, Town of Agenda.png"
4,1,Garage,"[621.4913330078125, 614.9307250976562, 670.5673828125, 651.7294311523438]",50.995886414325,548.9146217751528,0.9801890850067139,"16392 Birchwood Ln, Town of Agenda.png"
5,1,Garage,"[679.09765625, 508.2281494140625, 731.3560791015625, 555.0115966796875]",45.632049946925,491.178822423706,0.9665318131446838,"16392 Birchwood Ln, Town of Agenda.png"
6,1,Garage,"[692.4737548828125, 640.6287231445312, 729.534423828125, 686.9140014648438]",54.624364024624995,587.971191924661,0.4514390826225281,"16392 Birchwood Ln, Town of Agenda.png"
