object_id,class_id,class_name,bbox,area_m2,area_ft2,score,file
0,2,House,"[98.21265411376953, 1214.9844970703125, 132.17953491210938, 1274.2322998046875]",63.537798154274995,683.9145055528006,0.9827153086662292,"16471 Pinehaven Rd, Town of Agenda.png"
