object_id,class_id,class_name,bbox,area_m2,area_ft2,score,file
0,1,Garage,"[612.088134765625, 611.3638916015625, 663.2874755859375, 670.1483154296875]",84.91426407582499,914.0086470857725,0.9993398785591125,"16485 Hardwood Ln, Town of Agenda.png"
1,2,House,"[732.556640625, 532.0599365234375, 840.8201904296875, 659.14208984375]",264.129506045425,2843.06359012235,0.9973875880241394,"16485 Hardwood Ln, Town of Agenda.png"
