object_id,class_id,class_name,bbox,area_m2,area_ft2,score,file
0,1,Garage,"[535.6572265625, 644.592041015625, 600.4154052734375, 705.03369140625]",86.25522319267499,928.4425969236343,0.9404608607292175,"16542 North Park Rd, Town of Agenda.png"
