object_id,class_id,class_name,bbox,area_m2,area_ft2,score,file
0,1,Garage,"[565.2084350585938, 734.6282958984375, 601.6724243164062, 784.8524169921875]",54.348284206449996,584.999496369807,0.9928856492042542,"16582 North Rd, Town of Agenda.png"
1,2,House,"[633.8219604492188, 575.8253784179688, 705.8439331054688, 692.0791625976562]",229.658968747575,2472.0261737020223,0.9845209717750549,"16582 North Rd, Town of Agenda.png"
3,1,Garage,"[679.59130859375, 497.8116149902344, 728.785400390625, 544.6165771484375]",82.46898568627499,887.6879150284954,0.9296865463256836,"16582 North Rd, Town of Agenda.png"
4,1,Garage,"[785.2412719726562, 910.8949584960938, 892.0077514648438, 986.2571411132812]",247.60415692894998,2665.1863847675245,0.8957688808441162,"16582 North Rd, Town of Agenda.png"
