object_id,class_id,class_name,bbox,area_m2,area_ft2,score,file
0,1,Garage,"[606.0367431640625, 585.583740234375, 688.9710693359375, 681.4517822265625]",150.14798111317498,1616.177853904104,0.9785119891166687,"16598 North Rd, Town of Agenda.png"
