object_id,class_id,class_name,bbox,area_m2,area_ft2,score,file
0,2,House,"[608.9688720703125, 616.6117553710938, 684.3170166015625, 645.7228393554688]",62.551798803649994,673.3013071426082,0.5110396146774292,"16600 North Rd, Town of Agenda.png"
