object_id,class_id,class_name,bbox,area_m2,area_ft2,score,file
0,2,House,"[629.5018310546875, 604.4617309570312, 675.9578857421875, 661.3799438476562]",78.80106810195,848.2068169425795,0.9981834292411804,"16620 Birchwood Ln, Town of Agenda.png"
