object_id,class_id,class_name,bbox,area_m2,area_ft2,score,file
0,1,Garage,"[649.4671020507812, 317.0889587402344, 705.4915161132812, 358.8453674316406]",87.280662517325,939.4803232702345,0.9993072748184204,"16632 Birchwood Ln, Town of Agenda.png"
1,1,Garage,"[627.6898193359375, 595.7543334960938, 673.3631591796875, 648.2807006835938]",86.88626277707499,935.2350439061574,0.9464575052261353,"16632 Birchwood Ln, Town of Agenda.png"
