object_id,class_id,class_name,bbox,area_m2,area_ft2,score,file
0,2,House,"[544.1283569335938, 594.8359375, 617.5925903320312, 677.954833984375]",155.15685781435,1670.0929018278819,0.9993703961372375,"16666 North Rd, Town of Agenda.png"
1,1,Garage,"[728.3532104492188, 667.3055419921875, 806.2940063476562, 739.665771484375]",149.63526145084998,1610.6589907308041,0.9974461793899536,"16666 North Rd, Town of Agenda.png"
2,2,House,"[597.3733520507812, 171.8628692626953, 671.4182739257812, 257.1805114746094]",187.537076488875,2018.6303376186013,0.9969702959060669,"16666 North Rd, Town of Agenda.png"
3,1,Garage,"[628.7330322265625, 603.4351196289062, 677.3271484375, 651.8486938476562]",72.056832543675,775.6125398168633,0.9958614706993103,"16666 North Rd, Town of Agenda.png"
4,1,Garage,"[368.9128112792969, 224.34840393066406, 421.4015808105469, 268.9831237792969]",78.209468491575,841.838897896464,0.9949877262115479,"16666 North Rd, Town of Agenda.png"
5,1,Garage,"[694.3623046875, 566.5181884765625, 729.9959716796875, 601.2427978515625]",29.57998051875,318.3959523057731,0.9869829416275024,"16666 North Rd, Town of Agenda.png"
6,1,Garage,"[436.4814758300781, 277.7351989746094, 508.6294860839844, 342.9125061035156]",102.74113233512499,1105.8952743420518,0.7762004733085632,"16666 North Rd, Town of Agenda.png"
7,2,House,"[0.3481478691101074, 917.01123046875, 12.57748794555664, 951.5238037109375]",11.595352363349999,124.81121330386306,0.531321108341217,"16666 North Rd, Town of Agenda.png"
