object_id,class_id,class_name,bbox,area_m2,area_ft2,score,file
0,2,House,"[1206.3646240234375, 256.4405517578125, 1279.1202392578125, 338.66912841796875]",153.303179035175,1650.14008881672,0.9992762207984924,"16693 North Rd, Town of Agenda.png"
1,1,Garage,"[568.4253540039062, 450.9881591796875, 613.5006713867188, 505.826904296875]",84.00714467325,904.2445045483956,0.9884661436080933,"16693 North Rd, Town of Agenda.png"
2,2,House,"[626.430419921875, 572.0139770507812, 675.2930908203125, 684.9618530273438]",174.40356513855,1877.2625347948383,0.9883756637573242,"16693 North Rd, Town of Agenda.png"
3,2,House,"[629.1502685546875, 574.2061767578125, 674.6383056640625, 612.1043701171875]",61.013639816674996,656.744717622708,0.6403295397758484,"16693 North Rd, Town of Agenda.png"
