object_id,class_id,class_name,bbox,area_m2,area_ft2,score,file
0,2,House,"[560.10498046875, 1013.6627197265625, 634.141357421875, 1097.1961669921875]",155.47237760655,1673.4891253191433,0.9989131689071655,"16790 North Rd, Town of Agenda.png"
1,2,House,"[613.9693603515625, 588.6494140625, 686.421630859375, 676.1998291015625]",183.119799398075,1971.0832087409394,0.9976800084114075,"16790 North Rd, Town of Agenda.png"
2,1,Garage,"[644.2332153320312, 1022.9465942382812, 693.1693725585938, 1071.064697265625]",72.687872128075,782.4049867993865,0.9961403012275696,"16790 North Rd, Town of Agenda.png"
3,1,Garage,"[384.9548645019531, 642.8265991210938, 436.6868591308594, 689.5680541992188]",83.69162488104999,900.8482810571339,0.9943006038665771,"16790 North Rd, Town of Agenda.png"
4,1,Garage,"[745.2496337890625, 1085.9703369140625, 822.679931640625, 1157.3704833984375]",148.68870207425,1600.4703202570195,0.9911603331565857,"16790 North Rd, Town of Agenda.png"
5,1,Garage,"[709.3242797851562, 984.8380126953125, 744.8239135742188, 1019.1385498046875]",30.250460077175,325.612927224704,0.9546445608139038,"16790 North Rd, Town of Agenda.png"
6,1,Garage,"[455.55029296875, 696.1016235351562, 521.8013305664062, 759.5678100585938]",99.507054465075,1071.0839835566208,0.9299941062927246,"16790 North Rd, Town of Agenda.png"
