object_id,class_id,class_name,bbox,area_m2,area_ft2,score,file
0,2,House,"[668.325439453125, 619.0828857421875, 716.825439453125, 698.0582275390625]",116.4268033218,1253.2064682755229,0.998939573764801,"17674 North Rd, Town of Agenda.png"
1,2,House,"[567.4410400390625, 571.4868774414062, 626.3216552734375, 616.2435913085938]",85.58474363424999,921.2256220047034,0.8843440413475037,"17674 North Rd, Town of Agenda.png"
