object_id,class_id,class_name,bbox,area_m2,area_ft2,score,file
0,2,House,"[595.5455322265625, 607.8660888671875, 676.7489013671875, 685.4444580078125]",131.5717533474,1416.225195856079,0.9996662139892578,"17841 Mud Line Rd, Town of Agenda.png"
