object_id,class_id,class_name,bbox,area_m2,area_ft2,score,file
0,2,House,"[308.8639831542969, 611.025146484375, 404.9696960449219, 698.494873046875]",267.836863603775,2882.9692161446733,0.9998334646224976,"18239 North Rd, Town of Agenda.png"
1,1,Garage,"[712.5551147460938, 788.1314697265625, 750.0907592773438, 828.939453125]",50.759246570174994,546.3674541567066,0.9989582300186157,"18239 North Rd, Town of Agenda.png"
2,1,Garage,"[505.3374938964844, 863.7129516601562, 627.2265625, 926.8848266601562]",237.03424389025,2551.4128978102617,0.9964677095413208,"18239 North Rd, Town of Agenda.png"
3,1,Garage,"[571.484130859375, 747.80859375, 617.7254638671875, 788.68115234375]",46.618049297549994,501.7920208338984,0.302017480134964,"18239 North Rd, Town of Agenda.png"
