object_id,class_id,class_name,bbox,area_m2,area_ft2,score,file
0,2,House,"[553.2821655273438, 591.6466674804688, 670.0314331054688, 674.6824340820312]",194.12355215104998,2089.5265029986867,0.9987056255340576,"18450 Roddis Line Rd, Town of Agenda.png"
1,2,House,"[753.77978515625, 522.1624755859375, 897.378662109375, 657.0283203125]",345.49417245899997,3718.8647229314297,0.9915421009063721,"18450 Roddis Line Rd, Town of Agenda.png"
2,1,Garage,"[916.9977416992188, 530.411865234375, 976.3071899414062, 585.1864013671875]",92.52617906265,995.9425388124583,0.6890559792518616,"18450 Roddis Line Rd, Town of Agenda.png"
3,1,Garage,"[663.189453125, 626.484375, 724.7568359375, 679.8392333984375]",70.715873426825,761.1785899790016,0.2773095965385437,"18450 Roddis Line Rd, Town of Agenda.png"
