object_id,class_id,class_name,bbox,area_m2,area_ft2,score,file
0,2,House,"[718.2322998046875, 1.5858840942382812, 788.9693603515625, 56.695552825927734]",90.71194025749999,976.4142537377041,0.9594277739524841,"18452 North Rd, Town of Agenda.png"
