object_id,class_id,class_name,bbox,area_m2,area_ft2,score,file
0,1,Garage,"[536.7456665039062, 536.6497802734375, 589.5158081054688, 571.3487548828125]",65.1548370893,701.3201509455163,0.6087731122970581,"18672 North Rd, Town of Agenda.png"
