object_id,class_id,class_name,bbox,area_m2,area_ft2,score,file
0,1,Garage,"[588.1109008789062, 583.1329345703125, 692.1095581054688, 691.1256103515625]",219.483455449125,2362.4979661088364,0.8155502676963806,"19056 North Rd, Town of Agenda.png"
1,1,Garage,"[684.9638671875, 471.23284912109375, 735.3695068359375, 547.9871215820312]",127.62775594489999,1373.7724022153088,0.7727423906326294,"19056 North Rd, Town of Agenda.png"
