object_id,class_id,class_name,bbox,area_m2,area_ft2,score,file
0,2,House,"[0.6867771148681641, 800.2534790039062, 34.542991638183594, 824.0671997070312]",25.990942882475,279.76391009267263,0.8947701454162598,"19280 North Rd, Town of Agenda.png"
