object_id,class_id,class_name,bbox,area_m2,area_ft2,score,file
0,2,House,"[548.1067504882812, 622.577392578125, 603.5535278320312, 680.1953125]",95.76025693269999,1030.7538295978893,0.9992223978042603,"19317 North Rd, Town of Agenda.png"
1,2,House,"[742.736083984375, 584.5553588867188, 792.9832763671875, 638.7633666992188]",97.65337568589999,1051.1311705454589,0.8814488649368286,"19317 North Rd, Town of Agenda.png"
