object_id,class_id,class_name,bbox,area_m2,area_ft2,score,file
0,1,Garage,"[369.0355529785156, 367.70196533203125, 431.0196228027344, 434.34014892578125]",77.30234908899999,832.0747553590869,0.9502618908882141,"19493 North Rd, Town of Agenda.png"
