object_id,class_id,class_name,bbox,area_m2,area_ft2,score,file
0,2,House,"[945.1597900390625, 693.1369018554688, 1004.5096435546875, 740.4371948242188]",88.14834194587499,948.8199378712037,0.9398435354232788,"19838 Colby John Rd, Town of Agenda.png"
