object_id,class_id,class_name,bbox,area_m2,area_ft2,score,file
0,1,Garage,"[599.3289794921875, 605.5879516601562, 669.126953125, 693.3134155273438]",119.46368132172499,1285.8951193789155,0.897273600101471,"20090 Roddis Line Rd, Town of Agenda.png"
