object_id,class_id,class_name,bbox,area_m2,area_ft2,score,file
0,1,Garage,"[681.2987670898438, 570.8711547851562, 718.8037719726562, 603.4688110351562]",44.3305308041,477.169400522252,0.46543365716934204,"80673 County Hwy F, Town of Agenda.png"
