object_id,class_id,class_name,bbox,area_m2,area_ft2,score,file
0,2,House,"[573.162109375, 590.8878173828125, 707.3040771484375, 659.73583984375]",250.44383505874998,2695.7523961888787,0.9948424696922302,"80751 County Hwy F, Town of Agenda.png"
