object_id,class_id,class_name,bbox,area_m2,area_ft2,score,file
1,1,Garage,"[697.47021484375, 261.1773681640625, 742.0592041015625, 340.369384765625]",130.743513892875,1407.310109191517,0.9484487175941467,"81044 County Hwy F, Town of Agenda.png"
2,5,Trailer,"[97.47481536865234, 1007.4713745117188, 112.13115692138672, 1059.6346435546875]",27.37134197335,294.62238786694206,0.8871033191680908,"81044 County Hwy F, Town of Agenda.png"
5,2,House,"[4.750881195068359, 942.064453125, 88.60968017578125, 998.2191162109375]",163.1237325674,1755.8475449822367,0.6031683087348938,"81044 County Hwy F, Town of Agenda.png"
6,2,House,"[71.18675231933594, 399.5930480957031, 173.860107421875, 499.2390441894531]",193.5713925147,2083.583111888979,0.4759138524532318,"81044 County Hwy F, Town of Agenda.png"
7,1,Garage,"[236.13697814941406, 394.9210205078125, 264.6199645996094, 446.54833984375]",55.76812327135,600.2825020804843,0.3784200847148895,"81044 County Hwy F, Town of Agenda.png"
