object_id,class_id,class_name,bbox,area_m2,area_ft2,score,file
0,2,House,"[540.2901000976562, 613.6710205078125, 600.0385131835938, 708.1795654296875]",208.32194280004998,2242.356560105458,0.798255443572998,"81133 Creamery Rd, Town of Agenda.png"
