object_id,class_id,class_name,bbox,area_m2,area_ft2,score,file
0,1,Garage,"[576.3056030273438, 724.6271362304688, 668.8151245117188, 810.5846557617188]",201.06498757945,2164.2434198064416,0.937874972820282,"81141 Maple Ln E, Town of Agenda.png"
