object_id,class_id,class_name,bbox,area_m2,area_ft2,score,file
0,1,Garage,"[897.5202026367188, 383.3825988769531, 934.7673950195312, 443.2094421386719]",82.74506550445,890.6596105833493,0.9795224666595459,"81157 County Hwy F, Town of Agenda.png"
1,2,House,"[1023.21435546875, 454.0788269042969, 1093.04150390625, 577.7839965820312]",323.841626719275,3485.798885843604,0.9499305486679077,"81157 County Hwy F, Town of Agenda.png"
2,2,House,"[594.2111206054688, 1.6835708618164062, 698.2877807617188, 79.27171325683594]",252.691913578175,2719.9504885641177,0.8896785974502563,"81157 County Hwy F, Town of Agenda.png"
4,1,Garage,"[703.471923828125, 691.7314453125, 758.339599609375, 741.562255859375]",95.641937010625,1029.4802457886665,0.8721826076507568,"81157 County Hwy F, Town of Agenda.png"
