object_id,class_id,class_name,bbox,area_m2,area_ft2,score,file
0,2,House,"[980.15576171875, 1163.1778564453125, 1050.1171875, 1246.6470947265625]",213.251939553175,2295.4225521564204,0.9960055947303772,"81152 County Hwy F, Town of Agenda.png"
1,1,Garage,"[853.5822143554688, 1091.1563720703125, 891.4496459960938, 1148.3780517578125]",82.311225790175,885.9898032828646,0.9914897680282593,"81152 County Hwy F, Town of Agenda.png"
4,2,House,"[675.611328125, 515.5968627929688, 751.434814453125, 551.0852661132812]",101.715693010475,1094.8575479954518,0.2795258164405823,"81152 County Hwy F, Town of Agenda.png"
