object_id,class_id,class_name,bbox,area_m2,area_ft2,score,file
0,2,House,"[1189.9189453125, 477.9790954589844, 1276.696044921875, 551.7880859375]",184.934038203225,1990.6114938156934,0.9944049119949341,"81176 Creamery Rd, Town of Agenda.png"
1,1,Garage,"[536.7732543945312, 765.9302978515625, 585.7760620117188, 828.901123046875]",104.98921085455,1130.0933667172906,0.9808241128921509,"81176 Creamery Rd, Town of Agenda.png"
