object_id,class_id,class_name,bbox,area_m2,area_ft2,score,file
0,1,Garage,"[872.6264038085938, 606.99072265625, 925.0034790039062, 692.06787109375]",161.8616533986,1742.2626510171904,0.9926018118858337,"81231 Basswood Ln, Town of Agenda.png"
1,2,House,"[603.825927734375, 599.5067749023438, 680.078125, 651.9075317382812]",138.94702849007498,1495.611919964318,0.9920746088027954,"81231 Basswood Ln, Town of Agenda.png"
