object_id,class_id,class_name,bbox,area_m2,area_ft2,score,file
0,2,House,"[596.5704345703125, 609.5400390625, 689.3240966796875, 667.1492919921875]",178.50532243715,1921.413440181239,0.9725174903869629,"81254 County Hwy F, Town of Agenda.png"
1,2,House,"[738.2821044921875, 812.9605712890625, 809.26416015625, 879.9466552734375]",168.09316929455,1809.3380649696066,0.9272052049636841,"81254 County Hwy F, Town of Agenda.png"
2,1,Garage,"[614.2025756835938, 849.8985595703125, 654.4319458007812, 893.897705078125]",52.61292534935,566.3202671678685,0.4406549036502838,"81254 County Hwy F, Town of Agenda.png"
3,1,Garage,"[1006.4307250976562, 718.6396484375, 1047.3470458984375, 748.1390380859375]",42.516291998949995,457.64111544749784,0.2522716224193573,"81254 County Hwy F, Town of Agenda.png"
