object_id,class_id,class_name,bbox,area_m2,area_ft2,score,file
0,5,Trailer,"[644.212158203125, 694.428955078125, 683.537109375, 798.747314453125]",99.94089417935,1075.7537908571053,0.996188223361969,"81278 Basswood Ln, Town of Agenda.png"
