object_id,class_id,class_name,bbox,area_m2,area_ft2,score,file
4,2,House,"[70.02536010742188, 980.4220581054688, 117.27325439453125, 1028.6397705078125]",69.374914309975,746.7446401411398,0.5660752654075623,"81286 Creamery Rd, Town of Agenda.png"
