object_id,class_id,class_name,bbox,area_m2,area_ft2,score,file
0,2,House,"[573.787353515625, 593.7249145507812, 705.5997314453125, 663.0813598632812]",254.032872695025,2734.3844384019794,0.9963613152503967,"81402 Creamery Rd, Town of Agenda.png"
1,2,House,"[804.904296875, 669.328369140625, 850.1815185546875, 714.7645263671875]",66.771876024325,718.7257963382318,0.9319536685943604,"81402 Creamery Rd, Town of Agenda.png"
2,1,Garage,"[929.5266723632812, 444.5538024902344, 972.3313598632812, 488.9770202636719]",70.005953894375,753.537087123663,0.843877911567688,"81402 Creamery Rd, Town of Agenda.png"
