object_id,class_id,class_name,bbox,area_m2,area_ft2,score,file
0,2,House,"[570.0419311523438, 630.60400390625, 648.6245727539062, 682.1533203125]",135.12135100965,1454.4327101327715,0.3360225260257721,"81410 County Hwy F, Town of Agenda.png"
