object_id,class_id,class_name,bbox,area_m2,area_ft2,score,file
0,2,House,"[347.9822998046875, 576.9818725585938, 423.6043701171875, 627.7662963867188]",137.763829269325,1482.876081872087,0.9977890253067017,"81423 Basswood Ln, Town of Agenda.png"
1,1,Garage,"[617.361572265625, 585.2481079101562, 668.236572265625, 669.8949584960938]",160.32349441162498,1725.70606149729,0.9974164962768555,"81423 Basswood Ln, Town of Agenda.png"
