object_id,class_id,class_name,bbox,area_m2,area_ft2,score,file
0,5,Trailer,"[93.34146881103516, 597.9514770507812, 132.83375549316406, 701.5380249023438]",99.822574257275,1074.4802070478822,0.988990306854248,"81446 Basswood Ln, Town of Agenda.png"
