object_id,class_id,class_name,bbox,area_m2,area_ft2,score,file
0,2,House,"[0.7456188201904297, 869.3838500976562, 25.14396858215332, 896.6119995117188]",20.074946778725,216.08471963151803,0.3096996545791626,"81517 Maple Ln E, Town of Agenda.png"
