object_id,class_id,class_name,bbox,area_m2,area_ft2,score,file
0,2,House,"[587.4150390625, 602.8567504882812, 692.2720947265625, 649.3157348632812]",179.175801995575,1928.6304151001696,0.994293749332428,"81530 Creamery Rd, Town of Agenda.png"
