object_id,class_id,class_name,bbox,area_m2,area_ft2,score,file
1,2,House,"[546.8359375, 786.2333374023438, 615.63232421875, 900.7811889648438]",264.4055858636,2846.035285677204,0.9830402731895447,"81749 Creamery Rd, Town of Agenda.png"
2,1,Garage,"[489.48699951171875, 614.8531494140625, 523.8564453125, 644.528076171875]",35.811496414699995,385.4713662581893,0.32820603251457214,"81749 Creamery Rd, Town of Agenda.png"
