object_id,class_id,class_name,bbox,area_m2,area_ft2,score,file
0,1,Garage,"[503.9013977050781, 147.56350708007812, 563.1168212890625, 223.13314819335938]",135.8312705421,1462.07421298811,0.9717349410057068,"81781 Basswood Ln, Town of Agenda.png"
