object_id,class_id,class_name,bbox,area_m2,area_ft2,score,file
1,1,Garage,"[603.5579833984375, 578.8477783203125, 688.5084228515625, 661.615966796875]",138.03990908749998,1485.8477774269409,0.9189348816871643,"81791 Basswood Ln, Town of Agenda.png"
3,2,House,"[1202.5394287109375, 4.787937164306641, 1279.2139892578125, 90.75633239746094]",123.44711869825,1328.772440956093,0.8751542568206787,"81791 Basswood Ln, Town of Agenda.png"
