object_id,class_id,class_name,bbox,area_m2,area_ft2,score,file
0,2,House,"[527.280517578125, 546.9078979492188, 589.2686767578125, 615.4039916992188]",135.12135100965,1454.4327101327715,0.9982920289039612,"81946 Creamery Rd, Town of Agenda.png"
2,2,House,"[690.2310180664062, 643.7509765625, 733.5159301757812, 706.1993408203125]",91.8162595302,988.3010359571198,0.2544492185115814,"81946 Creamery Rd, Town of Agenda.png"
