object_id,class_id,class_name,bbox,area_m2,area_ft2,score,file
0,2,House,"[510.33685302734375, 783.6080932617188, 589.6924438476562, 832.9287719726562]",147.8210226457,1591.1307056560502,0.9961407780647278,"82008 County Hwy F, Town of Agenda.png"
