object_id,class_id,class_name,bbox,area_m2,area_ft2,score,file
0,2,House,"[1249.7967529296875, 846.0549926757812, 1278.5506591796875, 902.9793090820312]",52.61292534935,566.3202671678685,0.921555757522583,"82071 County Hwy F, Town of Agenda.png"
1,2,House,"[1110.5928955078125, 595.8142700195312, 1151.1282958984375, 663.7450561523438]",86.6101829589,932.2633483513036,0.5739381909370422,"82071 County Hwy F, Town of Agenda.png"
2,1,Garage,"[1010.6672973632812, 760.430908203125, 1050.829345703125, 817.0457763671875]",77.6178688812,835.4709788503486,0.35355842113494873,"82071 County Hwy F, Town of Agenda.png"
