object_id,class_id,class_name,bbox,area_m2,area_ft2,score,file
0,1,Garage,"[687.0139770507812, 629.168212890625, 731.1727905273438, 693.4622802734375]",95.405297166475,1026.9330781702201,0.9738900661468506,"82096 Creamery Rd, Town of Agenda.png"
