object_id,class_id,class_name,bbox,area_m2,area_ft2,score,file
0,2,House,"[57.09783935546875, 1212.484375, 120.65338134765625, 1271.765625]",131.768953217525,1418.3478355381174,0.881318986415863,"82154 County Hwy F, Town of Agenda.png"
