object_id,class_id,class_name,bbox,area_m2,area_ft2,score,file
0,1,Garage,"[444.59246826171875, 260.24945068359375, 505.381103515625, 305.7392578125]",92.05289937434999,990.8482035755658,0.9955392479896545,"82169 County Hwy F, Town of Agenda.png"
1,2,House,"[514.44873046875, 1015.23828125, 573.5380859375, 1073.95068359375]",100.80857360789999,1085.0934054580746,0.968038022518158,"82169 County Hwy F, Town of Agenda.png"
2,2,House,"[285.0122375488281, 276.3412780761719, 334.8298645019531, 329.0010070800781]",86.68906290695,933.112404224119,0.7488281726837158,"82169 County Hwy F, Town of Agenda.png"
3,2,House,"[359.0177001953125, 271.68023681640625, 422.27508544921875, 321.8507080078125]",98.28441527029999,1057.923617527982,0.5306732654571533,"82169 County Hwy F, Town of Agenda.png"
