object_id,class_id,class_name,bbox,area_m2,area_ft2,score,file
0,2,House,"[429.5944519042969, 0.0, 487.6812438964844, 17.603649139404297]",35.3382167264,380.37703102129694,0.9535069465637207,"82193 County Hwy F, Town of Agenda.png"
1,2,House,"[267.7904968261719, 1.0365657806396484, 311.8637390136719, 43.84497833251953]",64.247717686725,691.5560084081392,0.8980861902236938,"82193 County Hwy F, Town of Agenda.png"
2,2,House,"[499.2373046875, 726.6345825195312, 552.2001953125, 787.8744506835938]",89.6076209848,964.5274715182886,0.7966617941856384,"82193 County Hwy F, Town of Agenda.png"
3,1,Garage,"[509.1207580566406, 864.8438720703125, 602.8545532226562, 917.7449951171875]",140.01190778875,1507.074174247326,0.4144890606403351,"82193 County Hwy F, Town of Agenda.png"
