object_id,class_id,class_name,bbox,area_m2,area_ft2,score,file
0,1,Garage,"[734.0640258789062, 721.0135498046875, 804.5581665039062, 824.8035888671875]",271.42590124005,2921.601258357774,0.990290105342865,"82255 County Hwy F, Town of Agenda.png"
1,2,House,"[668.6424560546875, 515.383056640625, 826.158447265625, 694.0679931640625]",417.1171652884,4489.807455447808,0.41120368242263794,"82255 County Hwy F, Town of Agenda.png"
