object_id,class_id,class_name,bbox,area_m2,area_ft2,score,file
0,2,House,"[755.822509765625, 529.230224609375, 830.8609619140625, 590.057373046875]",153.89477864555,1656.5080078628355,0.9844037294387817,"82263 Creamery Rd, Town of Agenda.png"
