object_id,class_id,class_name,bbox,area_m2,area_ft2,score,file
1,2,House,"[662.6370239257812, 1132.8629150390625, 733.9110717773438, 1194.9495849609375]",139.025908438125,1496.4609758371334,0.9610653519630432,"82276 Creamery Rd, Town of Agenda.png"
2,1,Garage,"[685.412109375, 344.2042541503906, 747.099365234375, 426.3984069824219]",131.453433425325,1414.9516120468556,0.6943395137786865,"82276 Creamery Rd, Town of Agenda.png"
