object_id,class_id,class_name,bbox,area_m2,area_ft2,score,file
0,2,House,"[1111.2357177734375, 508.1625061035156, 1175.6116943359375, 597.235595703125]",150.936780593675,1624.6684126322582,0.9991790652275085,"82417 County Hwy F, Town of Agenda.png"
1,1,Garage,"[1158.2576904296875, 719.2781982421875, 1198.8006591796875, 750.1029052734375]",44.212210882025,475.89581671302886,0.9975704550743103,"82417 County Hwy F, Town of Agenda.png"
2,2,House,"[1157.9498291015625, 635.5670776367188, 1201.2791748046875, 694.7046508789062]",91.6584996341,986.6029242114889,0.9323291182518005,"82417 County Hwy F, Town of Agenda.png"
3,2,House,"[1253.57421875, 485.3773498535156, 1277.425048828125, 526.558349609375]",20.508786493,220.75452693200268,0.6490059494972229,"82417 County Hwy F, Town of Agenda.png"
