object_id,class_id,class_name,bbox,area_m2,area_ft2,score,file
0,2,House,"[1129.0487060546875, 262.72479248046875, 1215.2364501953125, 337.178955078125]",196.844910358775,2118.818930610818,0.9996527433395386,"82445 County Hwy F, Town of Agenda.png"
1,2,House,"[811.007080078125, 345.977294921875, 876.82861328125, 435.8173828125]",162.09829324275,1744.8098186356367,0.9987865090370178,"82445 County Hwy F, Town of Agenda.png"
2,1,Garage,"[858.775634765625, 554.8843383789062, 898.7862548828125, 584.0975952148438]",41.135892908075,442.78263767322846,0.9923077821731567,"82445 County Hwy F, Town of Agenda.png"
3,1,Garage,"[856.9644165039062, 473.26751708984375, 901.4027709960938, 527.7192993164062]",86.84682280304999,934.8105159697498,0.902385413646698,"82445 County Hwy F, Town of Agenda.png"
6,2,House,"[1222.65478515625, 298.7408142089844, 1277.337646484375, 353.3255310058594]",100.611373737775,1082.9707657760362,0.45568978786468506,"82445 County Hwy F, Town of Agenda.png"
