object_id,class_id,class_name,bbox,area_m2,area_ft2,score,file
0,2,House,"[342.3122253417969, 324.4050598144531, 408.1071472167969, 419.1853332519531]",161.033413944075,1733.3475643526288,0.9998519420623779,"82479 County Hwy F, Town of Agenda.png"
1,2,House,"[662.1009521484375, 243.40663146972656, 746.50537109375, 318.0821533203125]",193.8869123069,2086.9793353802406,0.9993730187416077,"82479 County Hwy F, Town of Agenda.png"
2,1,Garage,"[389.96600341796875, 534.3828125, 430.13787841796875, 565.1256103515625]",42.871251765174996,461.4618668751671,0.9993103742599487,"82479 County Hwy F, Town of Agenda.png"
3,1,Garage,"[892.05078125, 239.4786834716797, 927.43603515625, 286.6173400878906]",60.7375599985,653.7730220678541,0.9686718583106995,"82479 County Hwy F, Town of Agenda.png"
4,1,Garage,"[752.477783203125, 276.79998779296875, 809.555908203125, 339.5120849609375]",115.48024394519999,1243.0177978017382,0.8795504570007324,"82479 County Hwy F, Town of Agenda.png"
5,2,House,"[389.8489074707031, 451.8453674316406, 433.2781677246094, 505.4978942871094]",84.16490456935,905.9426162940264,0.8280020356178284,"82479 County Hwy F, Town of Agenda.png"
