object_id,class_id,class_name,bbox,area_m2,area_ft2,score,file
0,2,House,"[282.58880615234375, 1214.5634765625, 348.70660400390625, 1278.800048828125]",138.828708568,1494.338336155095,0.999708354473114,"82492 Woodpecker Ln, Town of Agenda.png"
1,2,House,"[587.3453979492188, 586.421142578125, 682.9534301757812, 666.6448974609375]",182.09436007342498,1960.0454823943392,0.9991937279701233,"82492 Woodpecker Ln, Town of Agenda.png"
2,2,House,"[651.8142700195312, 1236.7276611328125, 714.9135131835938, 1279.4888916015625]",85.54530366022499,920.8010940682957,0.9987939596176147,"82492 Woodpecker Ln, Town of Agenda.png"
4,1,Garage,"[506.2735900878906, 756.742919921875, 560.057373046875, 828.926513671875]",113.82376503615,1225.187624472615,0.9915286302566528,"82492 Woodpecker Ln, Town of Agenda.png"
5,1,Garage,"[311.3458251953125, 1153.6932373046875, 382.2645263671875, 1205.7381591796875]",103.8060116338,1117.3575286250598,0.9912876486778259,"82492 Woodpecker Ln, Town of Agenda.png"
7,2,House,"[360.838623046875, 1018.9105834960938, 441.080810546875, 1066.2822265625]",133.22823225644999,1434.055369185202,0.8963892459869385,"82492 Woodpecker Ln, Town of Agenda.png"
