object_id,class_id,class_name,bbox,area_m2,area_ft2,score,file
0,2,House,"[594.0548706054688, 567.1998901367188, 675.2367553710938, 689.2349243164062]",258.450149785825,2781.9315672796415,0.999666690826416,"82497 Woodpecker Ln, Town of Agenda.png"
1,2,House,"[669.8282470703125, 307.4324951171875, 740.2171630859375, 402.04156494140625]",184.066358774675,1981.271879214724,0.999265730381012,"82497 Woodpecker Ln, Town of Agenda.png"
4,1,Garage,"[1046.09765625, 328.5143737792969, 1106.087646484375, 383.6938781738281]",102.74113233512499,1105.8952743420518,0.9888695478439331,"82497 Woodpecker Ln, Town of Agenda.png"
5,1,Garage,"[700.9681396484375, 246.465087890625, 773.2867431640625, 299.94964599609375]",113.03496555564999,1216.6970657444608,0.9678459167480469,"82497 Woodpecker Ln, Town of Agenda.png"
6,2,House,"[752.1408081054688, 112.46670532226562, 830.1605834960938, 158.79885864257812]",133.66207197072498,1438.7251764856865,0.9286636114120483,"82497 Woodpecker Ln, Town of Agenda.png"
