object_id,class_id,class_name,bbox,area_m2,area_ft2,score,file
0,2,House,"[493.03216552734375, 920.9854125976562, 574.7713012695312, 1044.70263671875]",263.498466461025,2836.2711431398266,0.9996435642242432,"82491 Woodpecker Ln, Town of Agenda.png"
1,2,House,"[875.1885986328125, 33.34178161621094, 974.920654296875, 117.91197204589844]",184.381878566875,1984.6681027059858,0.9990419745445251,"82491 Woodpecker Ln, Town of Agenda.png"
2,2,House,"[569.2523193359375, 660.4508056640625, 641.1007080078125, 756.1591796875]",184.69739835907498,1988.064326197247,0.9989789724349976,"82491 Woodpecker Ln, Town of Agenda.png"
3,1,Garage,"[602.8123168945312, 601.5537719726562, 673.2654418945312, 653.2378540039062]",105.0680908026,1130.9424225901062,0.9934332370758057,"82491 Woodpecker Ln, Town of Agenda.png"
5,1,Garage,"[946.1002807617188, 683.9979248046875, 1006.6002807617188, 736.751220703125]",100.4930538157,1081.697181966813,0.9774157404899597,"82491 Woodpecker Ln, Town of Agenda.png"
7,2,House,"[795.8410034179688, 203.3407745361328, 852.1083374023438, 280.42266845703125]",121.39624004894999,1306.6969882628928,0.8709760308265686,"82491 Woodpecker Ln, Town of Agenda.png"
