object_id,class_id,class_name,bbox,area_m2,area_ft2,score,file
0,2,House,"[606.5681762695312, 593.1653442382812, 677.7667846679688, 660.3825073242188]",162.611012905075,1750.3286818089368,0.9995396137237549,"82524 Creamery Rd, Town of Agenda.png"
1,2,House,"[507.7344970703125, 243.1217498779297, 584.7979736328125, 326.14739990234375]",237.310323708425,2554.3845933651155,0.9872825145721436,"82524 Creamery Rd, Town of Agenda.png"
2,1,Garage,"[781.5670776367188, 450.22357177734375, 823.3822631835938, 494.5762939453125]",56.517482777824995,608.3485328722304,0.8893334865570068,"82524 Creamery Rd, Town of Agenda.png"
4,2,House,"[541.177490234375, 395.42279052734375, 611.920654296875, 521.9509887695312]",343.324973887625,3695.5156864290066,0.6524806022644043,"82524 Creamery Rd, Town of Agenda.png"
5,1,Garage,"[807.7800903320312, 573.8448486328125, 840.3726196289062, 626.79736328125]",53.638364673999995,577.3579935144685,0.48019278049468994,"82524 Creamery Rd, Town of Agenda.png"
6,1,Garage,"[189.36532592773438, 159.25428771972656, 206.64505004882812, 183.8367462158203]",12.502471765925,134.5753558412401,0.45319700241088867,"82524 Creamery Rd, Town of Agenda.png"
