object_id,class_id,class_name,bbox,area_m2,area_ft2,score,file
0,2,House,"[607.4482421875, 559.833740234375, 662.845703125, 687.0750732421875]",238.41464298112498,2566.271375584531,0.9973419308662415,"82567 Creamery Rd, Town of Agenda.png"
1,2,House,"[611.198486328125, 561.3274536132812, 663.6119384765625, 632.7200317382812]",112.32504602319999,1209.0555628891223,0.9545902609825134,"82567 Creamery Rd, Town of Agenda.png"
