object_id,class_id,class_name,bbox,area_m2,area_ft2,score,file
0,1,Garage,"[517.8960571289062, 672.8392333984375, 570.7503051757812, 724.7557373046875]",90.63306030944999,975.5651978648887,0.999472439289093,"82589 County Hwy F, Town of Agenda.png"
1,2,House,"[604.8565673828125, 513.7677001953125, 686.5921630859375, 677.7347412109375]",318.00451056357497,3422.9687512552646,0.9994276165962219,"82589 County Hwy F, Town of Agenda.png"
2,2,House,"[268.08740234375, 0.10809707641601562, 322.6832275390625, 49.383609771728516]",99.70425433519999,1073.2066232386592,0.9990807771682739,"82589 County Hwy F, Town of Agenda.png"
