object_id,class_id,class_name,bbox,area_m2,area_ft2,score,file
0,2,House,"[953.45751953125, 1224.492431640625, 1005.5350341796875, 1250.406494140625]",27.134702129199997,292.07522024849584,0.9990516304969788,"82628 County Hwy F, Town of Agenda.png"
1,2,House,"[479.4420166015625, 491.4914245605469, 599.5238037109375, 569.1089477539062]",305.38371887557497,3287.1198116048013,0.9985693693161011,"82628 County Hwy F, Town of Agenda.png"
2,1,Garage,"[615.3433227539062, 681.8358154296875, 665.7504272460938, 759.475341796875]",151.9227799443,1635.2816110424508,0.9976580142974854,"82628 County Hwy F, Town of Agenda.png"
3,1,Garage,"[528.3766479492188, 607.0906372070312, 578.0005493164062, 647.6393432617188]",75.01483059555,807.4521350474406,0.9796068072319031,"82628 County Hwy F, Town of Agenda.png"
4,1,Garage,"[598.339111328125, 602.5075073242188, 676.741455078125, 660.8605346679688]",165.056291294625,1776.649413866214,0.9641985893249512,"82628 County Hwy F, Town of Agenda.png"
5,5,Trailer,"[553.9659423828125, 656.5180053710938, 576.5711669921875, 725.1546020507812]",55.334283557075,595.6126947799995,0.8300845623016357,"82628 County Hwy F, Town of Agenda.png"
