object_id,class_id,class_name,bbox,area_m2,area_ft2,score,file
0,2,House,"[694.869873046875, 607.3261108398438, 745.3612060546875, 665.2351684570312]",97.535055763825,1049.8575867362358,0.999760091304779,"82692 Woodpecker Ln, Town of Agenda.png"
1,2,House,"[551.7887573242188, 597.58251953125, 606.9214477539062, 664.99072265625]",126.878396438425,1365.7063714235628,0.9355983138084412,"82692 Woodpecker Ln, Town of Agenda.png"
