object_id,class_id,class_name,bbox,area_m2,area_ft2,score,file
0,2,House,"[559.849609375, 770.9051513671875, 620.5367431640625, 873.9473876953125]",176.691083632,1901.8851551064845,0.9990707039833069,"82693 County Hwy F, Town of Agenda.png"
2,5,Trailer,"[447.3301696777344, 361.00921630859375, 464.7585754394531, 440.00823974609375]",47.998448388425,516.6504986081678,0.8618689775466919,"82693 County Hwy F, Town of Agenda.png"
3,5,Trailer,"[500.1177978515625, 480.76580810546875, 522.4490966796875, 532.57177734375]",31.118139505724997,334.9525418256733,0.8488879203796387,"82693 County Hwy F, Town of Agenda.png"
5,2,House,"[0.5409431457519531, 180.7588348388672, 54.22402572631836, 212.5762176513672]",46.2236495573,497.5467414698214,0.602810263633728,"82693 County Hwy F, Town of Agenda.png"
6,2,House,"[750.70166015625, 702.2399291992188, 838.2418212890625, 839.7980346679688]",420.1146033143,4522.071578614793,0.33407530188560486,"82693 County Hwy F, Town of Agenda.png"
