object_id,class_id,class_name,bbox,area_m2,area_ft2,score,file
0,2,House,"[603.9637451171875, 591.6600341796875, 668.9849853515625, 665.477294921875]",106.25129002335,1143.678260682337,0.9990981817245483,"82692 County Hwy F, Town of Agenda.png"
1,2,House,"[453.090087890625, 1175.7041015625, 575.6300048828125, 1250.048583984375]",309.80099596637496,3334.6669404824634,0.9990536570549011,"82692 County Hwy F, Town of Agenda.png"
3,5,Trailer,"[1195.9417724609375, 274.1124572753906, 1218.7972412109375, 323.4469299316406]",31.0786995317,334.5280138892656,0.9643606543540955,"82692 County Hwy F, Town of Agenda.png"
4,2,House,"[1258.8455810546875, 554.4166259765625, 1278.6812744140625, 660.7803955078125]",57.148522362224995,615.1409798547536,0.934577226638794,"82692 County Hwy F, Town of Agenda.png"
