object_id,class_id,class_name,bbox,area_m2,area_ft2,score,file
0,2,House,"[916.7282104492188, 195.8822479248047, 961.2526245117188, 265.728515625]",102.14953272474999,1099.5273552959363,0.9995759129524231,"82730 County Hwy F, Town of Agenda.png"
1,2,House,"[1162.6146240234375, 1143.370849609375, 1279.2801513671875, 1225.58154296875]",310.9447552131,3346.9782506382867,0.984015703201294,"82730 County Hwy F, Town of Agenda.png"
2,5,Trailer,"[1073.9749755859375, 1035.263671875, 1095.6571044921875, 1086.58203125]",31.433659297924997,338.3487653169349,0.9691898822784424,"82730 County Hwy F, Town of Agenda.png"
3,1,Garage,"[969.900634765625, 274.4689636230469, 1023.25439453125, 320.0756530761719]",79.86594740062499,859.6690712255873,0.9160361886024475,"82730 County Hwy F, Town of Agenda.png"
4,5,Trailer,"[1021.9129028320312, 915.1084594726562, 1039.734375, 990.6262817382812]",46.696929245599996,502.64107670671376,0.8576061129570007,"82730 County Hwy F, Town of Agenda.png"
