object_id,class_id,class_name,bbox,area_m2,area_ft2,score,file
0,2,House,"[628.1738891601562, 584.0706787109375, 673.8707885742188, 659.378173828125]",110.66856711415,1191.225389559999,0.9822977781295776,"82763 County Hwy F, Town of Agenda.png"
2,1,Garage,"[681.6593017578125, 665.584228515625, 733.84375, 709.6961669921875]",79.11658789415,851.6030404338412,0.8046595454216003,"82763 County Hwy F, Town of Agenda.png"
3,2,House,"[244.93447875976562, 1057.6475830078125, 291.7723083496094, 1121.2325439453125]",86.807382829025,934.3859880333422,0.744458019733429,"82763 County Hwy F, Town of Agenda.png"
