object_id,class_id,class_name,bbox,area_m2,area_ft2,score,file
0,2,House,"[1188.074462890625, 713.5541381835938, 1267.598388671875, 767.2174682617188]",142.65438604842498,1535.5175459866416,0.9996042847633362,"82820 Woodpecker Ln, Town of Agenda.png"
1,1,Garage,"[1077.448974609375, 711.502685546875, 1120.1044921875, 771.09814453125]",84.677624231675,911.4614794673265,0.9879639148712158,"82820 Woodpecker Ln, Town of Agenda.png"
2,1,Garage,"[587.9215087890625, 697.1555786132812, 654.972900390625, 747.5575561523438]",124.9458377112,1344.9045025395856,0.8402808904647827,"82820 Woodpecker Ln, Town of Agenda.png"
3,2,House,"[606.4169311523438, 582.547607421875, 658.1305541992188, 677.2069091796875]",172.03716669705,1851.7908586103763,0.8166239857673645,"82820 Woodpecker Ln, Town of Agenda.png"
