object_id,class_id,class_name,bbox,area_m2,area_ft2,score,file
0,1,Garage,"[605.092529296875, 601.4517211914062, 662.7840576171875, 667.4097290039062]",101.084653426075,1088.0651010129286,0.9679282307624817,"82840 Woodpecker Ln, Town of Agenda.png"
