object_id,class_id,class_name,bbox,area_m2,area_ft2,score,file
0,2,House,"[597.4971923828125, 594.3566284179688, 669.9769287109375, 663.8906860351562]",166.318370463425,1790.2343078312604,0.9771690964698792,"82862 Woodpecker Ln, Town of Agenda.png"
