object_id,class_id,class_name,bbox,area_m2,area_ft2,score,file
0,2,House,"[616.1084594726562, 678.0685424804688, 690.8739624023438, 736.3871459960938]",142.57550610037498,1534.6684901138262,0.999809205532074,"82874 Flower Ln W, Town of Agenda.png"
1,1,Garage,"[606.117431640625, 370.9002380371094, 700.295166015625, 434.1498718261719]",185.21011802139998,1993.5831893705472,0.9944034814834595,"82874 Flower Ln W, Town of Agenda.png"
