object_id,class_id,class_name,bbox,area_m2,area_ft2,score,file
0,2,House,"[1.0446357727050781, 311.5624084472656, 67.29420471191406, 369.7457580566406]",128.53487534747498,1383.5365447526858,0.9996485710144043,"82922 Flower Ln W, Town of Agenda.png"
1,1,Garage,"[5.315711975097656, 7.337743759155273, 75.47820281982422, 67.9430160522461]",144.705264697725,1557.5929986798421,0.9523746371269226,"82922 Flower Ln W, Town of Agenda.png"
2,1,Garage,"[708.4176025390625, 963.929443359375, 808.389404296875, 1049.9395751953125]",167.264929840025,1800.422978305045,0.9387110471725464,"82922 Flower Ln W, Town of Agenda.png"
3,1,Garage,"[635.2841796875, 941.8244018554688, 706.062255859375, 997.9667358398438]",120.252480802225,1294.3856781070695,0.33472487330436707,"82922 Flower Ln W, Town of Agenda.png"
