object_id,class_id,class_name,bbox,area_m2,area_ft2,score,file
0,2,House,"[596.98046875, 601.4207763671875, 674.7510986328125, 653.80859375]",140.87958721729999,1516.4137888482953,0.9994112253189087,"82966 Woodpecker Ln, Town of Agenda.png"
1,1,Garage,"[484.7909240722656, 599.2473754882812, 528.2492065429688, 658.6736450195312]",84.44098438752499,908.9143118488802,0.9940115809440613,"82966 Woodpecker Ln, Town of Agenda.png"
2,2,House,"[0.44667625427246094, 586.2619018554688, 64.43729400634766, 635.0241088867188]",113.35048534785,1220.0932892357225,0.9884523749351501,"82966 Woodpecker Ln, Town of Agenda.png"
3,2,House,"[2.6107044219970703, 360.8481140136719, 26.53645896911621, 424.2013854980469]",53.046765063624996,570.9900744683531,0.8310731649398804,"82966 Woodpecker Ln, Town of Agenda.png"
4,2,House,"[1.379669189453125, 463.5238037109375, 68.11988067626953, 577.2164306640625]",266.89030422717497,2872.7805456708884,0.8210589289665222,"82966 Woodpecker Ln, Town of Agenda.png"
