object_id,class_id,class_name,bbox,area_m2,area_ft2,score,file
0,1,Garage,"[705.1657104492188, 791.7022094726562, 767.0264282226562, 857.7919311523438]",148.29430233399998,1596.2250408929424,0.9923037886619568,"83005 County Hwy F, Town of Agenda.png"
