object_id,class_id,class_name,bbox,area_m2,area_ft2,score,file
0,2,House,"[0.4962730407714844, 997.1868896484375, 72.99870300292969, 1088.9244384765625]",185.36787791749998,1995.281301116178,0.9993829727172852,"83023 Flower Ln E, Town of Agenda.png"
1,2,House,"[711.1796875, 529.4660034179688, 749.0621337890625, 617.9827270507812]",115.361924023125,1241.7442139925151,0.9861570596694946,"83023 Flower Ln E, Town of Agenda.png"
2,1,Garage,"[19.282886505126953, 130.23719787597656, 119.53102111816406, 217.0216827392578]",169.2763685153,1822.0739030618374,0.936138391494751,"83023 Flower Ln E, Town of Agenda.png"
3,2,House,"[611.9774169921875, 584.6849975585938, 692.254638671875, 683.3292846679688]",160.717894151875,1729.951340861367,0.8322173953056335,"83023 Flower Ln E, Town of Agenda.png"
