object_id,class_id,class_name,bbox,area_m2,area_ft2,score,file
0,1,Garage,"[285.9248962402344, 533.7743530273438, 328.9748229980469, 583.7908325195312]",75.606430205925,813.820054093556,0.9955273270606995,"83034 County Hwy F, Town of Agenda.png"
1,2,House,"[611.2073364257812, 590.6834106445312, 670.2711791992188, 671.3523559570312]",152.08053984039998,1636.9797227880813,0.9624863862991333,"83034 County Hwy F, Town of Agenda.png"
2,2,House,"[575.026123046875, 576.9226684570312, 670.72021484375, 675.9856567382812]",224.96561183859998,2421.5073492695064,0.9497391581535339,"83034 County Hwy F, Town of Agenda.png"
4,1,Garage,"[371.4096374511719, 457.806884765625, 505.3269348144531, 525.1580810546875]",318.59611017394997,3429.33667030138,0.914239764213562,"83034 County Hwy F, Town of Agenda.png"
5,2,House,"[597.4564208984375, 582.7632446289062, 668.377685546875, 674.1697387695312]",158.745895450625,1708.7249440409823,0.6204188466072083,"83034 County Hwy F, Town of Agenda.png"
6,2,House,"[572.7939453125, 578.8158569335938, 622.5479736328125, 634.0446166992188]",74.77819075139999,804.9049674289943,0.4509193003177643,"83034 County Hwy F, Town of Agenda.png"
7,2,House,"[573.6200561523438, 578.8302001953125, 629.1738891601562, 649.646484375]",75.054270569575,807.8766629838483,0.3707248568534851,"83034 County Hwy F, Town of Agenda.png"
8,2,House,"[574.7251586914062, 576.9257202148438, 638.4513549804688, 666.0343627929688]",106.921769581775,1150.8952356012678,0.3479505181312561,"83034 County Hwy F, Town of Agenda.png"
