object_id,class_id,class_name,bbox,area_m2,area_ft2,score,file
0,5,Trailer,"[371.3610534667969, 506.4193420410156, 391.5249328613281, 557.5584106445312]",30.36877999925,326.88651103392704,0.996215283870697,"83152 Blueberry Rd, Town of Agenda.png"
1,2,House,"[476.7177429199219, 790.9779052734375, 536.5888061523438, 870.5301513671875]",172.66820628144998,1858.5833055928995,0.9668818712234497,"83152 Blueberry Rd, Town of Agenda.png"
2,2,House,"[594.6317749023438, 857.3995361328125, 673.9541625976562, 963.5848388671875]",160.99397397004998,1732.9230364162208,0.957779049873352,"83152 Blueberry Rd, Town of Agenda.png"
