object_id,class_id,class_name,bbox,area_m2,area_ft2,score,file
0,2,House,"[1026.572998046875, 591.0631713867188, 1093.255615234375, 659.7459106445312]",138.552628749825,1491.3666406002412,0.9996294975280762,"83193 Flower Ln E, Town of Agenda.png"
1,1,Garage,"[1176.4879150390625, 676.1484375, 1210.8902587890625, 700.155029296875]",29.303900700575,315.4242567509192,0.9985501170158386,"83193 Flower Ln E, Town of Agenda.png"
2,1,Garage,"[1101.5885009765625, 643.1085205078125, 1143.8914794921875, 701.679443359375]",93.47273843925,1006.131209286243,0.995618999004364,"83193 Flower Ln E, Town of Agenda.png"
3,1,Garage,"[730.0245361328125, 646.0942993164062, 786.7532958984375, 690.2816772460938]",93.748818257425,1009.1029048410969,0.9942481517791748,"83193 Flower Ln E, Town of Agenda.png"
4,1,Garage,"[789.0123291015625, 582.9563598632812, 860.7918701171875, 639.8757934570312]",155.827337372775,1677.3098767468127,0.9928194880485535,"83193 Flower Ln E, Town of Agenda.png"
5,1,Garage,"[1178.5423583984375, 588.3644409179688, 1205.7537841796875, 610.5595092773438]",23.74286436305,255.56581771743387,0.8857347965240479,"83193 Flower Ln E, Town of Agenda.png"
7,1,Garage,"[1177.6219482421875, 623.858642578125, 1210.5013427734375, 654.070068359375]",31.906938986224997,343.4431005538272,0.38366755843162537,"83193 Flower Ln E, Town of Agenda.png"
