object_id,class_id,class_name,bbox,area_m2,area_ft2,score,file
0,2,House,"[559.2837524414062, 585.5090942382812, 616.8533325195312, 655.8317260742188]",131.611193321425,1416.6497237924864,0.9986699819564819,"83246 Flower Ln E, Town of Agenda.png"
1,1,Garage,"[477.6581726074219, 468.4722595214844, 524.0963745117188, 524.497314453125]",92.171219296425,992.121787384789,0.9972130656242371,"83246 Flower Ln E, Town of Agenda.png"
2,2,House,"[553.9014282226562, 396.8013610839844, 632.7803344726562, 453.1316223144531]",154.723018100075,1665.423094527397,0.9964358806610107,"83246 Flower Ln E, Town of Agenda.png"
