object_id,class_id,class_name,bbox,area_m2,area_ft2,score,file
0,2,House,"[412.9858703613281, 609.5170288085938, 478.3708801269531, 677.9198608398438]",135.476310775875,1458.2534615604409,0.9994284510612488,"83243 Flower Ln E, Town of Agenda.png"
1,1,Garage,"[486.826171875, 661.4281616210938, 528.9256591796875, 719.0263061523438]",92.36841916655,994.2444270668275,0.9957757592201233,"83243 Flower Ln E, Town of Agenda.png"
2,1,Garage,"[563.3001708984375, 695.38134765625, 596.83837890625, 718.1322021484375]",27.253022051275,293.34880405771895,0.9951528310775757,"83243 Flower Ln E, Town of Agenda.png"
3,1,Garage,"[116.56202697753906, 662.7328491210938, 172.9780731201172, 708.3153686523438]",96.31241656905,1036.6972207075974,0.9836815595626831,"83243 Flower Ln E, Town of Agenda.png"
4,1,Garage,"[173.67274475097656, 601.0977172851562, 246.8907012939453, 657.3681030273438]",157.87821602207498,1699.3853294400128,0.9445444345474243,"83243 Flower Ln E, Town of Agenda.png"
5,1,Garage,"[564.3571166992188, 606.5119018554688, 592.1688842773438, 630.7266235351562]",25.95150290845,279.33938215626495,0.8679311275482178,"83243 Flower Ln E, Town of Agenda.png"
