object_id,class_id,class_name,bbox,area_m2,area_ft2,score,file
0,2,House,"[583.3679809570312, 580.6873779296875, 733.0800170898438, 681.6669921875]",298.600043343275,3214.1010065426776,0.9985448122024536,"83242 County Hwy F, Town of Agenda.png"
1,1,Garage,"[77.62490844726562, 929.2774047851562, 194.50064086914062, 1021.7620239257812]",230.132248435875,2477.120508938915,0.9840205907821655,"83242 County Hwy F, Town of Agenda.png"
