object_id,class_id,class_name,bbox,area_m2,area_ft2,score,file
0,2,House,"[743.0241088867188, 539.1043090820312, 844.1365356445312, 617.8517456054688]",219.20737563095,2359.5262705539826,0.9979040622711182,"83266 Creamery Rd, Town of Agenda.png"
2,1,Garage,"[601.3929443359375, 579.9161987304688, 690.4736328125, 675.1428833007812]",165.8056508011,1784.7154446579602,0.9735370874404907,"83266 Creamery Rd, Town of Agenda.png"
