object_id,class_id,class_name,bbox,area_m2,area_ft2,score,file
0,2,House,"[565.90869140625, 632.2097778320312, 641.9195556640625, 687.1420288085938]",111.77288638684999,1203.1121717794147,0.9996883869171143,"83348 Balsam Ln, Town of Agenda.png"
