object_id,class_id,class_name,bbox,area_m2,area_ft2,score,file
0,1,Garage,"[729.6011962890625, 682.2288818359375, 778.3079833984375, 735.2620849609375]",97.10121604954999,1045.187779435751,0.9996067881584167,"83591 Creamery Rd, Town of Agenda.png"
1,2,House,"[625.9592895507812, 598.2562255859375, 672.4109497070312, 665.7261962890625]",99.349294568975,1069.38587181099,0.9950999617576599,"83591 Creamery Rd, Town of Agenda.png"
2,5,Trailer,"[719.8324584960938, 777.1724243164062, 742.1897583007812, 822.0194702148438]",22.4019052462,241.13186787957216,0.9588627815246582,"83591 Creamery Rd, Town of Agenda.png"
