object_id,class_id,class_name,bbox,area_m2,area_ft2,score,file
0,2,House,"[582.8673706054688, 1271.5626220703125, 656.6629028320312, 1279.4915771484375]",17.590228415149998,189.33945963783304,0.951751708984375,"83614 Blueberry Rd, Town of Agenda.png"
