object_id,class_id,class_name,bbox,area_m2,area_ft2,score,file
0,2,House,"[580.8665771484375, 705.8585205078125, 655.3070068359375, 783.6270751953125]",130.86183381495,1408.5836930007401,0.9994403719902039,"83634 Balsam Ln, Town of Agenda.png"
1,1,Garage,"[660.0211181640625, 499.3367919921875, 768.76611328125, 589.5416259765625]",229.42232890342498,2469.479006083576,0.9666164517402649,"83634 Balsam Ln, Town of Agenda.png"
2,1,Garage,"[498.11651611328125, 647.8953857421875, 552.3914184570312, 714.33935546875]",80.260347140875,863.9143505896643,0.9203792214393616,"83634 Balsam Ln, Town of Agenda.png"
3,1,Garage,"[470.9183349609375, 515.9004516601562, 508.35699462890625, 569.4680786132812]",46.933569089749994,505.1882443251599,0.3249714970588684,"83634 Balsam Ln, Town of Agenda.png"
