object_id,class_id,class_name,bbox,area_m2,area_ft2,score,file
0,2,House,"[591.146728515625, 517.4844970703125, 660.8419189453125, 579.64990234375]",132.28167287985,1423.8666987114173,0.9995487332344055,"83643 County Hwy F, Town of Agenda.png"
1,2,House,"[507.9504089355469, 592.3944702148438, 574.2964477539062, 672.9590454101562]",127.9432757371,1377.1686257065705,0.9964185953140259,"83643 County Hwy F, Town of Agenda.png"
2,1,Garage,"[472.08123779296875, 754.142822265625, 561.5569458007812, 833.8516845703125]",197.23931009902498,2123.0642099748948,0.9814159870147705,"83643 County Hwy F, Town of Agenda.png"
3,5,Trailer,"[641.2135009765625, 755.5232543945312, 744.59375, 804.9380493164062]",140.05134776277498,1507.4987021837335,0.8421377539634705,"83643 County Hwy F, Town of Agenda.png"
4,1,Garage,"[627.394287109375, 594.9131469726562, 674.1441650390625, 661.0457153320312]",92.486739088625,995.5180108760507,0.8033971786499023,"83643 County Hwy F, Town of Agenda.png"
