object_id,class_id,class_name,bbox,area_m2,area_ft2,score,file
0,2,House,"[519.0072021484375, 540.2007446289062, 594.55712890625, 629.0957641601562]",198.54082924185,2137.073631876349,0.9995096921920776,"83753 County Hwy F, Town of Agenda.png"
1,1,Garage,"[987.228759765625, 1192.390380859375, 1050.6295166015625, 1237.34423828125]",98.7576949586,1063.0179527648745,0.9891560077667236,"83753 County Hwy F, Town of Agenda.png"
2,2,House,"[770.9581298828125, 1190.7977294921875, 824.486328125, 1277.4285888671875]",85.03258399789999,915.2822308949957,0.9866151809692383,"83753 County Hwy F, Town of Agenda.png"
3,1,Garage,"[913.857177734375, 392.7259826660156, 1047.0570068359375, 512.7232666015625]",504.082308013525,5425.891555226782,0.9347721338272095,"83753 County Hwy F, Town of Agenda.png"
4,2,House,"[791.5079956054688, 508.44891357421875, 834.4898071289062, 563.4114379882812]",79.708187504525,857.9709594799566,0.889310896396637,"83753 County Hwy F, Town of Agenda.png"
5,1,Garage,"[598.1998901367188, 584.3765869140625, 671.2440795898438, 641.9141845703125]",145.77014399639998,1569.0552529628496,0.8745394945144653,"83753 County Hwy F, Town of Agenda.png"
6,1,Garage,"[925.45556640625, 1185.0389404296875, 951.9154052734375, 1218.1160888671875]",29.974380258999997,322.6412316698501,0.7833730578422546,"83753 County Hwy F, Town of Agenda.png"
