object_id,class_id,class_name,bbox,area_m2,area_ft2,score,file
0,2,House,"[1148.4212646484375, 384.1700439453125, 1199.5098876953125, 435.62884521484375]",78.80106810195,848.2068169425795,0.9963451027870178,"83806 County Hwy F, Town of Agenda.png"
1,2,House,"[1203.450439453125, 239.64822387695312, 1262.56103515625, 309.8750305175781]",71.425792959275,768.8200928343401,0.7194676399230957,"83806 County Hwy F, Town of Agenda.png"
