object_id,class_id,class_name,bbox,area_m2,area_ft2,score,file
0,1,Garage,"[509.79022216796875, 292.78204345703125, 562.6488647460938, 351.3194580078125]",53.953884466199995,580.7542170057301,0.9098910689353943,"83833 Balsam Ln, Town of Agenda.png"
1,2,House,"[657.6168212890625, 249.0457000732422, 737.552978515625, 319.4111633300781]",116.5845632179,1254.9045800211538,0.8974716067314148,"83833 Balsam Ln, Town of Agenda.png"
