object_id,class_id,class_name,bbox,area_m2,area_ft2,score,file
0,2,House,"[653.4464721679688, 563.6151123046875, 706.3146362304688, 632.07958984375]",106.76400968567499,1149.197123855637,0.9964402318000793,"83949 Creamery Rd, Town of Agenda.png"
1,2,House,"[833.1998291015625, 747.8323364257812, 943.939453125, 888.7630004882812]",324.1965864855,3489.6196372712734,0.9018273949623108,"83949 Creamery Rd, Town of Agenda.png"
