object_id,class_id,class_name,bbox,area_m2,area_ft2,score,file
0,2,House,"[185.16094970703125, 150.9891815185547, 268.52880859375, 200.8137969970703]",130.38855412664998,1403.4893577638477,0.9989226460456848,"83966 County Hwy F, Town of Agenda.png"
1,2,House,"[624.5156860351562, 690.7332763671875, 753.9360961914062, 738.3585205078125]",169.710208229575,1826.7437103623222,0.996462881565094,"83966 County Hwy F, Town of Agenda.png"
2,1,Garage,"[675.0711059570312, 853.1425170898438, 733.7235717773438, 912.0299682617188]",111.81232636087499,1203.5366997158224,0.9939123392105103,"83966 County Hwy F, Town of Agenda.png"
3,2,House,"[1105.192138671875, 0.5188865661621094, 1180.483154296875, 43.87628936767578]",101.1240934001,1088.4896289493363,0.9845393300056458,"83966 County Hwy F, Town of Agenda.png"
5,1,Garage,"[887.8057861328125, 700.1553344726562, 942.0980224609375, 772.5908813476562]",121.39624004894999,1306.6969882628928,0.9798795580863953,"83966 County Hwy F, Town of Agenda.png"
6,1,Garage,"[877.2477416992188, 626.6834716796875, 923.6127319335938, 653.149169921875]",40.425973375625,435.1411348178899,0.9718098044395447,"83966 County Hwy F, Town of Agenda.png"
7,2,House,"[330.08135986328125, 175.32208251953125, 423.43597412109375, 254.09967041015625]",181.66052035914998,1955.3756750938544,0.9552661776542664,"83966 County Hwy F, Town of Agenda.png"
