object_id,class_id,class_name,bbox,area_m2,area_ft2,score,file
0,1,Garage,"[409.7261657714844, 746.344482421875, 462.8932189941406, 802.1181640625]",103.49049184159999,1113.961305133798,0.9971524477005005,"83985 County Hwy F, Town of Agenda.png"
1,1,Garage,"[613.2108764648438, 519.4597778320312, 656.2112426757812, 544.5436401367188]",37.073575583499995,399.0562602232356,0.9912569522857666,"83985 County Hwy F, Town of Agenda.png"
2,2,House,"[701.2898559570312, 1264.5369873046875, 818.0675659179688, 1279.3819580078125]",42.98957168725,462.73545068439023,0.9731300473213196,"83985 County Hwy F, Town of Agenda.png"
3,1,Garage,"[621.3816528320312, 591.6189575195312, 676.2420043945312, 664.5509643554688]",123.95983836057499,1334.2913041293932,0.9272719025611877,"83985 County Hwy F, Town of Agenda.png"
4,2,House,"[62.64121627807617, 66.14752197265625, 161.9180450439453, 144.75686645507812]",188.32587596937498,2027.1208963467552,0.9236160516738892,"83985 County Hwy F, Town of Agenda.png"
6,2,House,"[359.4658203125, 585.5728759765625, 488.01904296875, 635.8468017578125]",154.24973841177498,1660.3287592905046,0.5977299809455872,"83985 County Hwy F, Town of Agenda.png"
