object_id,class_id,class_name,bbox,area_m2,area_ft2,score,file
0,5,Trailer,"[217.45140075683594, 646.0143432617188, 301.0567932128906, 695.8911743164062]",82.784505478475,891.084138519757,0.9387943148612976,"83998 Balsam Ln, Town of Agenda.png"
1,2,House,"[287.76708984375, 1149.0323486328125, 323.85430908203125, 1203.4586181640625]",53.520044751925,576.0844097052454,0.5216572284698486,"83998 Balsam Ln, Town of Agenda.png"
