object_id,class_id,class_name,bbox,area_m2,area_ft2,score,file
0,5,Trailer,"[552.459228515625, 98.49143981933594, 637.2099609375, 145.22637939453125]",81.049146621375,872.4049093178184,0.9668346047401428,"83999 Balsam Ln, Town of Agenda.png"
