object_id,class_id,class_name,bbox,area_m2,area_ft2,score,file
0,2,House,"[0.28057861328125, 1125.2696533203125, 42.73798751831055, 1174.4420166015625]",53.1650849857,572.2636582775762,0.9569689631462097,"84024 County Hwy F, Town of Agenda.png"
