object_id,class_id,class_name,bbox,area_m2,area_ft2,score,file
0,2,House,"[588.1214599609375, 606.367431640625, 717.150146484375, 663.020263671875]",240.78104142262498,2591.7430517689927,0.9982663989067078,"84060 Creamery Rd, Town of Agenda.png"
