object_id,class_id,class_name,bbox,area_m2,area_ft2,score,file
0,1,Garage,"[685.3604736328125, 590.564697265625, 748.5323486328125, 636.2857666015625]",98.244975296275,1057.4990895915744,0.9986131191253662,"84073 Cross Rd, Town of Agenda.png"
1,5,Trailer,"[467.8990783691406, 590.8428344726562, 519.7897338867188, 676.6734008789062]",70.32147368657499,756.9333106149245,0.8454533219337463,"84073 Cross Rd, Town of Agenda.png"
2,2,House,"[295.7238464355469, 0.22873687744140625, 366.6481018066406, 39.38945770263672]",92.328979192525,993.8198991304198,0.6689626574516296,"84073 Cross Rd, Town of Agenda.png"
3,2,House,"[219.24819946289062, 0.0, 286.7911682128906, 26.05447006225586]",49.852127167599996,536.6033116193296,0.34987872838974,"84073 Cross Rd, Town of Agenda.png"
