object_id,class_id,class_name,bbox,area_m2,area_ft2,score,file
0,1,Garage,"[593.7272338867188, 1169.0994873046875, 650.0438842773438, 1218.4368896484375]",69.13827446582499,744.1974725226936,0.9985945820808411,"84398 Creamery Rd, Town of Agenda.png"
