object_id,class_id,class_name,bbox,area_m2,area_ft2,score,file
0,2,House,"[533.4686889648438, 599.3552856445312, 608.4789428710938, 655.3141479492188]",143.95590519125,1549.5269678880957,0.9991687536239624,"84508 County Hwy F, Town of Agenda.png"
