object_id,class_id,class_name,bbox,area_m2,area_ft2,score,file
0,2,House,"[881.6883544921875, 1013.7301025390625, 962.6966552734375, 1074.5523681640625]",171.8005268529,1849.2436909919302,0.9994468092918396,"84565 Creamery Rd, Town of Agenda.png"
1,2,House,"[1251.4334716796875, 453.6356506347656, 1279.0882568359375, 527.6198120117188]",56.39916285575,607.0749490630074,0.9931842684745789,"84565 Creamery Rd, Town of Agenda.png"
2,2,House,"[1090.5579833984375, 989.0692749023438, 1144.4796142578125, 1072.7322998046875]",150.10854113915,1615.7533259676966,0.99044269323349,"84565 Creamery Rd, Town of Agenda.png"
3,2,House,"[151.7362060546875, 906.1625366210938, 194.60760498046875, 963.1183471679688]",73.713311452725,793.4427131459865,0.9442856907844543,"84565 Creamery Rd, Town of Agenda.png"
4,2,House,"[921.669921875, 1090.4747314453125, 1046.801025390625, 1160.7708740234375]",251.07487464315,2702.544843171402,0.3912981152534485,"84565 Creamery Rd, Town of Agenda.png"
