object_id,class_id,class_name,bbox,area_m2,area_ft2,score,file
0,1,Garage,"[616.224609375, 607.376708984375, 673.168212890625, 655.009033203125]",96.62793636125,1040.0934441988588,0.9994140863418579,"84583 Blueberry Rd, Town of Agenda.png"
1,2,House,"[684.5074462890625, 605.58203125, 753.021484375, 659.7255859375]",125.379677425475,1349.5743098400703,0.9948529601097107,"84583 Blueberry Rd, Town of Agenda.png"
2,1,Garage,"[557.2977294921875, 528.489501953125, 611.2869873046875, 617.1240234375]",179.72796163192498,1934.5738062098771,0.9766563773155212,"84583 Blueberry Rd, Town of Agenda.png"
3,1,Garage,"[515.9214477539062, 154.67874145507812, 574.9603881835938, 226.20346069335938]",135.476310775875,1458.2534615604409,0.800125002861023,"84583 Blueberry Rd, Town of Agenda.png"
