object_id,class_id,class_name,bbox,area_m2,area_ft2,score,file
0,2,House,"[141.83306884765625, 1198.0733642578125, 224.78024291992188, 1256.3345947265625]",170.5384476841,1835.6587970268838,0.9999135732650757,"84624 Creamery Rd, Town of Agenda.png"
1,1,Garage,"[605.4104614257812, 533.7969970703125, 649.6765747070312, 602.937744140625]",92.36841916655,994.2444270668275,0.997655987739563,"84624 Creamery Rd, Town of Agenda.png"
2,2,House,"[350.3111267089844, 1174.2296142578125, 405.4852600097656, 1256.8768310546875]",151.56782017807498,1631.4608596147812,0.9969369173049927,"84624 Creamery Rd, Town of Agenda.png"
3,2,House,"[509.31561279296875, 637.117431640625, 560.4862670898438, 710.15869140625]",96.746256283325,1041.367028008082,0.9819704294204712,"84624 Creamery Rd, Town of Agenda.png"
