object_id,class_id,class_name,bbox,area_m2,area_ft2,score,file
0,2,House,"[605.7151489257812, 597.4627075195312, 674.6828002929688, 663.3704223632812]",138.6709486719,1492.6402244094643,0.9990018010139465,"84633 County Hwy F, Town of Agenda.png"
1,1,Garage,"[838.0059814453125, 668.0509643554688, 904.286376953125, 732.5289916992188]",132.75495256815,1428.9610339483097,0.9928487539291382,"84633 County Hwy F, Town of Agenda.png"
2,2,House,"[1242.071533203125, 1044.584228515625, 1280.0, 1106.009765625]",58.173961686874996,626.1787062013537,0.2570926547050476,"84633 County Hwy F, Town of Agenda.png"
