object_id,class_id,class_name,bbox,area_m2,area_ft2,score,file
0,2,House,"[602.54248046875, 582.2418212890625, 687.166748046875, 674.676025390625]",240.50496160445,2588.771356214139,0.9998018145561218,"84691 Blueberry Rd, Town of Agenda.png"
1,1,Garage,"[665.69970703125, 771.492919921875, 745.030029296875, 828.943359375]",164.30693178815,1768.5833830744677,0.9407866597175598,"84691 Blueberry Rd, Town of Agenda.png"
2,1,Garage,"[790.6973266601562, 644.0896606445312, 845.2406616210938, 718.6890258789062]",141.076787087425,1518.536428530334,0.8778069019317627,"84691 Blueberry Rd, Town of Agenda.png"
