object_id,class_id,class_name,bbox,area_m2,area_ft2,score,file
0,5,Trailer,"[745.6220703125, 568.2671508789062, 864.580322265625, 616.8447875976562]",104.51593116625,1124.9990314803983,0.9980890154838562,"84751 Cattail Ln, Town of Agenda.png"
2,1,Garage,"[669.6480102539062, 671.4972534179688, 707.8009643554688, 705.4667358398438]",40.623173245749996,437.2637744999284,0.579111635684967,"84751 Cattail Ln, Town of Agenda.png"
