object_id,class_id,class_name,bbox,area_m2,area_ft2,score,file
0,2,House,"[565.4511108398438, 593.161865234375, 718.6646118164062, 669.7811279296875]",268.27070331805,2887.6390234451583,0.9981631636619568,"84750 Blueberry Rd, Town of Agenda.png"
