object_id,class_id,class_name,bbox,area_m2,area_ft2,score,file
0,2,House,"[94.34500885009766, 651.4540405273438, 244.79147338867188, 728.4628295898438]",264.36614588957497,2845.610757740796,0.9995218515396118,"84764 Blueberry Rd, Town of Agenda.png"
1,1,Garage,"[146.89686584472656, 471.14837646484375, 183.6984100341797, 496.15283203125]",34.3916573498,370.1883605475122,0.8697736263275146,"84764 Blueberry Rd, Town of Agenda.png"
