object_id,class_id,class_name,bbox,area_m2,area_ft2,score,file
0,5,Trailer,"[588.7735595703125, 610.0802612304688, 706.836181640625, 660.1107788085938]",106.13297010127499,1142.4046768731139,0.9973174929618835,"84790 Cattail Rd, Town of Agenda.png"
2,1,Garage,"[513.9830322265625, 712.5029296875, 553.6859130859375, 746.802001953125]",39.873813739275,429.19774370818214,0.8061017394065857,"84790 Cattail Rd, Town of Agenda.png"
3,5,Trailer,"[491.4356994628906, 416.913818359375, 567.7161254882812, 453.1116943359375]",46.302529505349995,498.3957973426368,0.7901620268821716,"84790 Cattail Rd, Town of Agenda.png"
