object_id,class_id,class_name,bbox,area_m2,area_ft2,score,file
0,2,House,"[912.2876586914062, 755.2373046875, 975.3441772460938, 801.058349609375]",110.234727399875,1186.5555822595145,0.9996286630630493,"84942 County Hwy F, Town of Agenda.png"
1,2,House,"[584.4891967773438, 705.6835327148438, 659.9563598632812, 760.0046997070312]",143.206545684775,1541.4609370963494,0.9991205334663391,"84942 County Hwy F, Town of Agenda.png"
2,1,Garage,"[970.478515625, 703.8779907226562, 1006.5458984375, 742.0707397460938]",50.207086933824996,540.4240630469989,0.9871193170547485,"84942 County Hwy F, Town of Agenda.png"
3,2,House,"[577.6541137695312, 476.1087341308594, 676.5567016601562, 520.2694702148438]",154.565258203975,1663.7249827817664,0.9838851690292358,"84942 County Hwy F, Town of Agenda.png"
4,2,House,"[622.196533203125, 588.398681640625, 669.896240234375, 670.8577880859375]",131.453433425325,1414.9516120468556,0.8116323947906494,"84942 County Hwy F, Town of Agenda.png"
