object_id,class_id,class_name,bbox,area_m2,area_ft2,score,file
0,2,House,"[984.99462890625, 197.64105224609375, 1080.577392578125, 281.08306884765625]",302.38628084967496,3254.8556884378163,0.9998329877853394,"84954 Flambeau Ln W, Town of Agenda.png"
1,2,House,"[438.2660827636719, 674.239013671875, 558.7474365234375, 722.993896484375]",193.80803235885,2086.1302795074253,0.9992069602012634,"84954 Flambeau Ln W, Town of Agenda.png"
2,1,Garage,"[678.373779296875, 1051.1331787109375, 717.90869140625, 1092.1634521484375]",59.712120673849995,642.7352957212539,0.9970254302024841,"84954 Flambeau Ln W, Town of Agenda.png"
3,1,Garage,"[368.4325256347656, 876.409423828125, 440.7655334472656, 925.485107421875]",137.17222965895,1476.5081628259718,0.9969639182090759,"84954 Flambeau Ln W, Town of Agenda.png"
5,2,House,"[598.6719360351562, 909.4849243164062, 679.1261596679688, 1063.4013671875]",249.4183957341,2684.714669842279,0.913325309753418,"84954 Flambeau Ln W, Town of Agenda.png"
