object_id,class_id,class_name,bbox,area_m2,area_ft2,score,file
0,2,House,"[172.93521118164062, 260.104248046875, 249.05563354492188, 316.853759765625]",147.42662290545,1586.885426291973,0.9993410706520081,"84967 County Hwy F, Town of Agenda.png"
1,2,House,"[1099.057373046875, 268.988525390625, 1148.38427734375, 381.03436279296875]",137.763829269325,1482.876081872087,0.9978203773498535,"84967 County Hwy F, Town of Agenda.png"
2,2,House,"[166.3679962158203, 33.21540069580078, 265.13763427734375, 77.54678344726562]",157.089416541575,1690.8947707118589,0.9933338761329651,"84967 County Hwy F, Town of Agenda.png"
3,1,Garage,"[559.0446166992188, 259.7508850097656, 593.9371948242188, 298.0715637207031]",50.798686544199995,546.7919820931143,0.978945791721344,"84967 County Hwy F, Town of Agenda.png"
4,2,House,"[501.53277587890625, 310.169677734375, 565.3395385742188, 357.6075439453125]",112.28560604917499,1208.6310349527146,0.9752740263938904,"84967 County Hwy F, Town of Agenda.png"
7,2,House,"[1171.5025634765625, 301.9111022949219, 1226.2884521484375, 356.3710021972656]",109.72200773754999,1181.0367190862144,0.9620081186294556,"84967 County Hwy F, Town of Agenda.png"
8,2,House,"[207.91787719726562, 143.00469970703125, 256.45928955078125, 228.39736938476562]",134.17479163305,1444.2440396589868,0.799375057220459,"84967 County Hwy F, Town of Agenda.png"
