object_id,class_id,class_name,bbox,area_m2,area_ft2,score,file
0,2,House,"[286.32135009765625, 557.3516235351562, 361.316162109375, 612.5084838867188]",148.29430233399998,1596.2250408929424,0.9989835619926453,"84980 County Hwy F, Town of Agenda.png"
1,2,House,"[1210.02001953125, 566.61572265625, 1261.23388671875, 675.024169921875]",134.92415113952498,1452.3100704507328,0.9987022876739502,"84980 County Hwy F, Town of Agenda.png"
2,2,House,"[280.4460144042969, 326.4227600097656, 376.2868957519531, 373.1315002441406]",157.326056385725,1693.4419383303052,0.9946927428245544,"84980 County Hwy F, Town of Agenda.png"
4,2,House,"[611.5013427734375, 606.7715454101562, 678.2666015625, 655.2106323242188]",115.48024394519999,1243.0177978017382,0.9894425868988037,"84980 County Hwy F, Town of Agenda.png"
5,1,Garage,"[671.1837768554688, 557.0377197265625, 706.2492065429688, 594.0921630859375]",48.629487972825,523.442945590691,0.9040964245796204,"84980 County Hwy F, Town of Agenda.png"
6,1,Garage,"[321.30487060546875, 438.57794189453125, 367.53887939453125, 524.5560302734375]",132.794392542175,1429.3855618847174,0.8832690715789795,"84980 County Hwy F, Town of Agenda.png"
