object_id,class_id,class_name,bbox,area_m2,area_ft2,score,file
0,2,House,"[613.3355712890625, 596.159423828125, 667.232177734375, 665.917236328125]",139.22310830825,1498.583615519172,0.9960570335388184,"84996 Blueberry Ln, Town of Agenda.png"
