object_id,class_id,class_name,bbox,area_m2,area_ft2,score,file
0,2,House,"[23.01041030883789, 609.0213012695312, 86.11723327636719, 654.9334106445312]",108.341608646675,1166.178241311945,0.999792754650116,"85056 County Hwy F, Town of Agenda.png"
1,2,House,"[620.550048828125, 569.1484985351562, 670.960693359375, 677.4522094726562]",133.9381517889,1441.6968720405407,0.9915199875831604,"85056 County Hwy F, Town of Agenda.png"
2,1,Garage,"[692.9895629882812, 599.2588500976562, 747.7600708007812, 655.4675903320312]",111.970086256975,1205.234811461453,0.9727557897567749,"85056 County Hwy F, Town of Agenda.png"
4,2,House,"[81.22113800048828, 558.44482421875, 115.46265411376953, 596.4425048828125]",48.03788836245,517.0750265445755,0.9130790829658508,"85056 County Hwy F, Town of Agenda.png"
