object_id,class_id,class_name,bbox,area_m2,area_ft2,score,file
0,2,House,"[612.2152709960938, 605.4443359375, 670.0109252929688, 652.3563232421875]",100.25641397154999,1079.150014348367,0.9883255958557129,"85093 Creamery Rd, Town of Agenda.png"
