object_id,class_id,class_name,bbox,area_m2,area_ft2,score,file
0,2,House,"[895.5050048828125, 508.4043884277344, 963.604248046875, 557.0239868164062]",106.1724100753,1142.8292048095216,0.9994210004806519,"85163 County Hwy F, Town of Agenda.png"
1,1,Garage,"[287.81280517578125, 668.8233642578125, 340.22149658203125, 723.6251220703125]",62.748998673775,675.4239468246467,0.9990967512130737,"85163 County Hwy F, Town of Agenda.png"
3,1,Garage,"[858.8947143554688, 569.1410522460938, 903.7051391601562, 611.0686645507812]",61.76299932315,664.8107484144542,0.8828271627426147,"85163 County Hwy F, Town of Agenda.png"
4,2,House,"[560.4889526367188, 613.2794799804688, 689.7984008789062, 714.3504028320312]",235.22000508509998,2531.8846127355077,0.6556611061096191,"85163 County Hwy F, Town of Agenda.png"
