object_id,class_id,class_name,bbox,area_m2,area_ft2,score,file
0,2,House,"[607.087158203125, 605.7328491210938, 677.731689453125, 654.9733276367188]",109.76144771157499,1181.461247022622,0.9995325803756714,"85199 County Hwy F, Town of Agenda.png"
1,1,Garage,"[3.4301891326904297, 765.8919677734375, 52.5565185546875, 818.2615966796875]",56.517482777824995,608.3485328722304,0.9912227392196655,"85199 County Hwy F, Town of Agenda.png"
3,1,Garage,"[572.9993896484375, 668.4265747070312, 616.8294677734375, 708.6444702148438]",61.250279660824994,659.2918852411541,0.9660031199455261,"85199 County Hwy F, Town of Agenda.png"
4,2,House,"[272.576171875, 711.2701416015625, 400.750732421875, 812.13623046875]",232.45920690334998,2502.167657186969,0.5830764770507812,"85199 County Hwy F, Town of Agenda.png"
