object_id,class_id,class_name,bbox,area_m2,area_ft2,score,file
1,1,Garage,"[1057.8494873046875, 273.02093505859375, 1133.1910400390625, 349.251708984375]",115.164724153,1239.6215743104765,0.9551652669906616,"85349 Flambeau Ln E, Town of Agenda.png"
2,1,Garage,"[1083.52880859375, 215.06529235839844, 1153.789306640625, 286.9954528808594]",105.42305056882499,1134.7631740177753,0.93796706199646,"85349 Flambeau Ln E, Town of Agenda.png"
3,5,Trailer,"[1198.0975341796875, 280.8670654296875, 1246.9447021484375, 332.04010009765625]",36.9158156874,397.35814847760486,0.8984938263893127,"85349 Flambeau Ln E, Town of Agenda.png"
6,5,Trailer,"[1150.95654296875, 168.04823303222656, 1189.844482421875, 201.6079864501953]",22.520225168274997,242.40545168879524,0.6278674602508545,"85349 Flambeau Ln E, Town of Agenda.png"
9,2,House,"[1265.8248291015625, 282.5669860839844, 1278.2442626953125, 322.9817199707031]",7.769674882925,83.6320034723164,0.33042725920677185,"85349 Flambeau Ln E, Town of Agenda.png"
