object_id,class_id,class_name,bbox,area_m2,area_ft2,score,file
0,1,Garage,"[714.369140625, 812.953857421875, 772.6627197265625, 876.8092041015625]",129.12647495784998,1389.9044637988013,0.998775064945221,"85419 Creamery Rd, Town of Agenda.png"
1,2,House,"[657.2648315429688, 637.8582153320312, 730.4588012695312, 695.7612915039062]",128.2587955293,1380.564849197832,0.9973152279853821,"85419 Creamery Rd, Town of Agenda.png"
2,1,Garage,"[581.5659790039062, 556.7352905273438, 637.0487670898438, 618.8265991210938]",133.81983186682498,1440.4232882313174,0.989927351474762,"85419 Creamery Rd, Town of Agenda.png"
