object_id,class_id,class_name,bbox,area_m2,area_ft2,score,file
0,1,Garage,"[617.5438232421875, 610.70654296875, 669.007080078125, 646.888427734375]",67.087395816525,722.1220198294934,0.8222007751464844,"85466 Mini Ln, Town of Agenda.png"
1,2,House,"[705.5123291015625, 568.0961303710938, 819.1998291015625, 619.2898559570312]",117.649442516575,1266.3668343041616,0.643222451210022,"85466 Mini Ln, Town of Agenda.png"
