object_id,class_id,class_name,bbox,area_m2,area_ft2,score,file
0,2,House,"[538.5801391601562, 819.3104858398438, 605.1825561523438, 889.8156127929688]",115.283044075075,1240.8951581196998,0.9805375933647156,"85533 Silver Creek Rd, Town of Agenda.png"
