object_id,class_id,class_name,bbox,area_m2,area_ft2,score,file
0,2,House,"[702.65869140625, 113.21101379394531, 778.4072265625, 176.78575134277344]",131.453433425325,1414.9516120468556,0.9922379851341248,"85655 County Hwy F, Town of Agenda.png"
1,2,House,"[1184.2664794921875, 724.9066162109375, 1247.8770751953125, 788.2745361328125]",127.66719591892499,1374.1969301517167,0.9834744334220886,"85655 County Hwy F, Town of Agenda.png"
2,1,Garage,"[692.4041748046875, 610.2047119140625, 741.499755859375, 693.85400390625]",148.96478189242498,1603.4420158118733,0.8847283720970154,"85655 County Hwy F, Town of Agenda.png"
3,1,Garage,"[1096.4830322265625, 710.6594848632812, 1130.8511962890625, 762.4506225585938]",49.023887713075,527.688224954768,0.7895564436912537,"85655 County Hwy F, Town of Agenda.png"
4,2,House,"[551.791259765625, 557.0701904296875, 591.9908447265625, 656.4345703125]",121.86951973724999,1311.791323499785,0.46270179748535156,"85655 County Hwy F, Town of Agenda.png"
5,2,House,"[1091.0572509765625, 631.8919067382812, 1190.3726806640625, 652.7807006835938]",70.91307329695,763.3012296610401,0.3072008788585663,"85655 County Hwy F, Town of Agenda.png"
