object_id,class_id,class_name,bbox,area_m2,area_ft2,score,file
1,2,House,"[1091.4814453125, 1212.9063720703125, 1161.5947265625, 1250.2515869140625]",96.39129651709999,1037.5462765804125,0.9958290457725525,"85696 County Hwy F, Town of Agenda.png"
2,2,House,"[613.5007934570312, 600.9488525390625, 693.2910766601562, 665.70947265625]",135.75239059404998,1461.2251571152947,0.9911949634552002,"85696 County Hwy F, Town of Agenda.png"
3,2,House,"[463.65887451171875, 1044.897705078125, 503.3140869140625, 1144.006591796875]",126.44455672414999,1361.036564123078,0.9322763681411743,"85696 County Hwy F, Town of Agenda.png"
5,2,House,"[1009.2425537109375, 1197.739013671875, 1043.6231689453125, 1249.1904296875]",48.195648258549994,518.7731382902062,0.898737370967865,"85696 County Hwy F, Town of Agenda.png"
6,2,House,"[604.948486328125, 1100.703369140625, 654.932373046875, 1187.07568359375]",148.1365424379,1594.5269291473119,0.884829580783844,"85696 County Hwy F, Town of Agenda.png"
7,1,Garage,"[525.0615844726562, 366.681884765625, 554.2550659179688, 421.6405029296875]",53.1650849857,572.2636582775762,0.7526928186416626,"85696 County Hwy F, Town of Agenda.png"
