object_id,class_id,class_name,bbox,area_m2,area_ft2,score,file
0,1,Garage,"[865.7250366210938, 630.2772216796875, 927.6172485351562, 736.7779541015625]",232.14368711114997,2498.771433695707,0.8703530430793762,"85727 Blueberry Rd, Town of Agenda.png"
1,1,Garage,"[316.8105163574219, 496.3598327636719, 447.7016906738281, 578.7431640625]",347.38729121219995,3739.242063878999,0.7963555455207825,"85727 Blueberry Rd, Town of Agenda.png"
