object_id,class_id,class_name,bbox,area_m2,area_ft2,score,file
0,1,Garage,"[180.96861267089844, 536.0042114257812, 227.40126037597656, 616.4773559570312]",136.69894997065,1471.4138275890796,0.9807767271995544,"85729 County Hwy F, Town of Agenda.png"
1,2,House,"[190.50489807128906, 39.048828125, 266.91302490234375, 103.3905029296875]",131.49287339935,1415.3761399832636,0.9686503410339355,"85729 County Hwy F, Town of Agenda.png"
2,2,House,"[672.513671875, 651.5125732421875, 735.281982421875, 716.5797119140625]",130.822393840925,1408.1591650643327,0.9294073581695557,"85729 County Hwy F, Town of Agenda.png"
3,2,House,"[144.5766143798828, 0.20368266105651855, 177.9077606201172, 7.837445259094238]",8.321834519274999,89.57539458202416,0.7852842211723328,"85729 County Hwy F, Town of Agenda.png"
4,1,Garage,"[585.123291015625, 634.6630859375, 619.384033203125, 688.7603759765625]",50.483166751999995,543.3957586018528,0.5744655728340149,"85729 County Hwy F, Town of Agenda.png"
