object_id,class_id,class_name,bbox,area_m2,area_ft2,score,file
0,2,House,"[607.874755859375, 588.9481201171875, 681.5164794921875, 675.4228515625]",172.82596617755,1860.2814173385302,0.9974691867828369,"85957 County Hwy F, Town of Agenda.png"
1,5,Trailer,"[544.4179077148438, 888.6900634765625, 574.9172973632812, 950.53076171875]",64.720997375025,696.6503436450315,0.7165088653564453,"85957 County Hwy F, Town of Agenda.png"
