object_id,class_id,class_name,bbox,area_m2,area_ft2,score,file
0,2,House,"[609.4082641601562, 591.0150756835938, 691.2249145507812, 688.7798461914062]",242.27976043557499,2607.8751133524856,0.9984501600265503,"85994 Oak Ln, Town of Agenda.png"
1,1,Garage,"[744.8157958984375, 726.5342407226562, 814.3424072265625, 802.7559204101562]",113.07440552967499,1217.1215936808685,0.9930739402770996,"85994 Oak Ln, Town of Agenda.png"
