object_id,class_id,class_name,bbox,area_m2,area_ft2,score,file
0,1,Garage,"[1071.0557861328125, 679.9728393554688, 1158.6785888671875, 765.2660522460938]",171.445567086675,1845.422939564261,0.9480323195457458,"86259 Creamery Rd, Town of Agenda.png"
