object_id,class_id,class_name,bbox,area_m2,area_ft2,score,file
0,2,House,"[626.340576171875, 594.367919921875, 684.317138671875, 681.5081787109375]",173.496445735975,1867.498392257461,0.9994227886199951,"86266 Creamery Rd, Town of Agenda.png"
1,2,House,"[710.9135131835938, 466.46246337890625, 779.2877807617188, 556.9685668945312]",170.65676760617498,1836.9323808361069,0.999413013458252,"86266 Creamery Rd, Town of Agenda.png"
2,2,House,"[670.2470092773438, 1199.7042236328125, 721.7407836914062, 1272.9674072265625]",116.5845632179,1254.9045800211538,0.9982237219810486,"86266 Creamery Rd, Town of Agenda.png"
3,2,House,"[745.4456176757812, 1223.3280029296875, 811.5092163085938, 1280.0]",84.16490456935,905.9426162940264,0.9982140064239502,"86266 Creamery Rd, Town of Agenda.png"
