object_id,class_id,class_name,bbox,area_m2,area_ft2,score,file
0,2,House,"[605.6262817382812, 655.8058471679688, 696.5474243164062, 712.7261352539062]",154.01309856762498,1657.7815916720585,0.9975566864013672,"86498 County Hwy F, Town of Agenda.png"
