object_id,class_id,class_name,bbox,area_m2,area_ft2,score,file
0,2,House,"[607.710693359375, 612.3956298828125, 687.566162109375, 663.1815185546875]",145.09966443797498,1561.8382780439188,0.9984910488128662,"86555 Farmers Ln, Town of Agenda.png"
1,1,Garage,"[816.5098266601562, 700.0274658203125, 861.9044799804688, 743.131103515625]",67.5212355308,726.7918271299781,0.9974021911621094,"86555 Farmers Ln, Town of Agenda.png"
2,1,Garage,"[738.1342163085938, 580.526123046875, 782.2390747070312, 612.9498291015625]",52.61292534935,566.3202671678685,0.9878793358802795,"86555 Farmers Ln, Town of Agenda.png"
3,2,House,"[690.0647583007812, 671.186279296875, 758.1730346679688, 717.860107421875]",119.30592142562499,1284.1970076332848,0.8123061060905457,"86555 Farmers Ln, Town of Agenda.png"
4,1,Garage,"[774.4677734375, 751.7974853515625, 820.3443603515625, 781.005126953125]",40.741493167825,438.5373583091515,0.6137468218803406,"86555 Farmers Ln, Town of Agenda.png"
