object_id,class_id,class_name,bbox,area_m2,area_ft2,score,file
0,2,House,"[357.1750183105469, 776.7400512695312, 470.5074768066406, 928.3617553710938]",347.07177142,3735.845840387738,0.9964621663093567,"86572 Boat Landing Ln, Town of Agenda.png"
1,1,Garage,"[169.75845336914062, 565.0634155273438, 209.86492919921875, 601.5390014648438]",49.93100711565,537.452367492145,0.8466854691505432,"86572 Boat Landing Ln, Town of Agenda.png"
3,2,House,"[192.58523559570312, 985.0450439453125, 338.8462829589844, 1104.6978759765625]",585.249774556975,6299.570048353823,0.5729942321777344,"86572 Boat Landing Ln, Town of Agenda.png"
