object_id,class_id,class_name,bbox,area_m2,area_ft2,score,file
0,1,Garage,"[699.5471801757812, 615.4837646484375, 764.0132446289062, 682.12939453125]",158.588135554525,1707.0268322953516,0.999299168586731,"86687 Farmers Ln, Town of Agenda.png"
1,2,House,"[617.9547119140625, 612.2182006835938, 676.53369140625, 658.9702758789062]",99.2309746469,1068.1122880017667,0.9991705417633057,"86687 Farmers Ln, Town of Agenda.png"
2,1,Garage,"[699.26220703125, 619.5626831054688, 763.4110107421875, 716.7866821289062]",148.9253419184,1603.0174878754656,0.2831987142562866,"86687 Farmers Ln, Town of Agenda.png"
