object_id,class_id,class_name,bbox,area_m2,area_ft2,score,file
0,2,House,"[413.529541015625, 326.84765625, 500.8714599609375, 516.9649047851562]",476.04048648174995,5124.052192440908,0.983546257019043,"86697 Farmers Ln, Town of Agenda.png"
1,2,House,"[610.2650756835938, 602.0562133789062, 693.7273559570312, 710.4951782226562]",239.045682565525,2573.0638225670546,0.96673184633255,"86697 Farmers Ln, Town of Agenda.png"
2,1,Garage,"[517.7695922851562, 355.37274169921875, 569.4767456054688, 389.61102294921875]",66.061956491875,711.0842934828933,0.9122861623764038,"86697 Farmers Ln, Town of Agenda.png"
4,5,Trailer,"[587.8560180664062, 318.2962341308594, 608.6443481445312, 392.8661804199219]",49.260527557225,530.2353925732141,0.6619529724121094,"86697 Farmers Ln, Town of Agenda.png"
5,2,House,"[767.9369506835938, 260.1484375, 886.6126098632812, 340.22247314453125]",216.880417163475,2334.4791223059283,0.5988338589668274,"86697 Farmers Ln, Town of Agenda.png"
