object_id,class_id,class_name,bbox,area_m2,area_ft2,score,file
0,2,House,"[697.8427734375, 535.1415405273438, 776.995849609375, 587.2771606445312]",150.779020697575,1622.9703008866275,0.9995689988136292,"86963 County Hwy F, Town of Agenda.png"
1,2,House,"[601.2819213867188, 681.9953002929688, 654.9407348632812, 765.2769165039062]",151.9227799443,1635.2816110424508,0.9924787282943726,"86963 County Hwy F, Town of Agenda.png"
2,2,House,"[574.1824340820312, 0.08560752868652344, 647.2577514648438, 53.452293395996094]",88.542741686125,953.0652172352808,0.9758511781692505,"86963 County Hwy F, Town of Agenda.png"
3,1,Garage,"[687.5662231445312, 113.98907470703125, 760.8921508789062, 179.05386352539062]",158.193735814275,1702.7815529312745,0.9710573554039001,"86963 County Hwy F, Town of Agenda.png"
5,2,House,"[1067.60400390625, 621.5612182617188, 1130.084716796875, 680.8168334960938]",134.135351659025,1443.8195117225791,0.923470139503479,"86963 County Hwy F, Town of Agenda.png"
7,2,House,"[1065.887451171875, 471.7405090332031, 1127.527587890625, 579.837890625]",141.5106268017,1523.2062358308185,0.7724628448486328,"86963 County Hwy F, Town of Agenda.png"
