object_id,class_id,class_name,bbox,area_m2,area_ft2,score,file
0,2,House,"[610.4592895507812, 617.6504516601562, 679.0934448242188, 659.8140258789062]",101.084653426075,1088.0651010129286,0.9851236939430237,"87672 County Hwy F, Town of Agenda.png"
