object_id,class_id,class_name,bbox,area_m2,area_ft2,score,file
0,1,Garage,"[1069.412109375, 576.5274658203125, 1098.01513671875, 610.911865234375]",32.89293833685,354.05629896401973,0.31523996591567993,"87738 County Hwy F, Town of Agenda.png"
