object_id,class_id,class_name,bbox,area_m2,area_ft2,score,file
0,1,Garage,"[628.2671508789062, 619.6756591796875, 657.6519165039062, 654.2239990234375]",29.26446072655,314.9997288145115,0.9524387121200562,"87812 County Hwy F, Town of Agenda.png"
