object_id,class_id,class_name,bbox,area_m2,area_ft2,score,file
0,2,House,"[496.3630676269531, 770.9274291992188, 560.3269653320312, 846.8643188476562]",94.3404178678,1015.4708238872124,0.9686446785926819,"87865 County Hwy F, Town of Agenda.png"
1,2,House,"[618.6673583984375, 608.7747802734375, 667.2049560546875, 660.59423828125]",92.05289937434999,990.8482035755658,0.9095863103866577,"87865 County Hwy F, Town of Agenda.png"
