object_id,class_id,class_name,bbox,area_m2,area_ft2,score,file
0,2,House,"[618.6251220703125, 605.0247192382812, 665.0655517578125, 665.1935424804688]",70.8341933489,762.4521737882247,0.9430668354034424,"87978 County Hwy F, Town of Agenda.png"
1,2,House,"[574.8185424804688, 443.5809020996094, 660.6121215820312, 490.5158386230469]",114.5336845686,1232.8291273279535,0.5199260115623474,"87978 County Hwy F, Town of Agenda.png"
