object_id,class_id,class_name,bbox,area_m2,area_ft2,score,file
0,2,House,"[618.9285888671875, 602.748291015625, 664.78369140625, 663.884521484375]",70.636993478775,760.3295341061862,0.8690530061721802,"88092 County Hwy F, Town of Agenda.png"
