object_id,class_id,class_name,bbox,area_m2,area_ft2,score,file
0,1,Garage,"[746.9931640625, 623.8841552734375, 802.41162109375, 670.9332275390625]",90.19922059517499,970.895390564404,0.9918348789215088,"88270 County Hwy F, Town of Agenda.png"
1,5,Trailer,"[598.4097900390625, 592.97216796875, 685.3426513671875, 679.1031494140625]",100.769133633875,1084.6688775216671,0.988579273223877,"88270 County Hwy F, Town of Agenda.png"
