object_id,class_id,class_name,bbox,area_m2,area_ft2,score,file
0,2,House,"[799.3538208007812, 180.9850311279297, 872.0975952148438, 257.18023681640625]",130.1519142825,1400.9421901454018,0.9957467913627625,"88429 County Hwy F, Town of Agenda.png"
