object_id,class_id,class_name,bbox,area_m2,area_ft2,score,file
0,2,House,"[1008.4225463867188, 625.5708618164062, 1080.0753173828125, 700.0205688476562]",126.76007651635,1364.4327876143398,0.996288537979126,"88718 County Hwy F, Town of Agenda.png"
