object_id,class_id,class_name,bbox,area_m2,area_ft2,score,file
0,1,Garage,"[524.9410400390625, 176.89654541015625, 588.494384765625, 242.42929077148438]",134.33255152914998,1445.9421514046173,0.9972541928291321,"89056 County Hwy F, Town of Agenda.png"
1,1,Garage,"[627.3358764648438, 168.07595825195312, 721.5973510742188, 231.71209716796875]",208.16418290394998,2240.658448359827,0.9922747015953064,"89056 County Hwy F, Town of Agenda.png"
