object_id,class_id,class_name,bbox,area_m2,area_ft2,score,file
0,1,Garage,"[952.1127319335938, 441.1755676269531, 1014.8837280273438, 492.3832092285156]",108.06552882849999,1163.2065457570911,0.9921002984046936,"89140 County Hwy F, Town of Agenda.png"
1,5,Trailer,"[1138.7757568359375, 395.5355529785156, 1230.5731201171875, 459.1158142089844]",93.19665862107499,1003.159513731389,0.9919065237045288,"89140 County Hwy F, Town of Agenda.png"
2,2,House,"[605.9424438476562, 606.1348266601562, 695.1889038085938, 658.7788696289062]",108.183848750575,1164.4801295663142,0.9807522892951965,"89140 County Hwy F, Town of Agenda.png"
3,1,Garage,"[47.48936462402344, 929.3404541015625, 143.4889678955078, 991.1641845703125]",210.33338147532498,2264.0074848622503,0.9773488640785217,"89140 County Hwy F, Town of Agenda.png"
5,1,Garage,"[977.6317138671875, 381.33154296875, 1034.5374755859375, 438.4586181640625]",73.00339192027499,785.801210290648,0.6656171679496765,"89140 County Hwy F, Town of Agenda.png"
