object_id,class_id,class_name,bbox,area_m2,area_ft2,score,file
0,2,House,"[275.3286437988281, 777.5518798828125, 364.6315612792969, 828.76953125]",95.326417218425,1026.0840222974048,0.9930933713912964,"89180 County Hwy F, Town of Agenda.png"
1,5,Trailer,"[807.3154907226562, 567.4793701171875, 900.0159301757812, 630.353759765625]",95.52361708855,1028.2066619794432,0.9891322255134583,"89180 County Hwy F, Town of Agenda.png"
2,1,Garage,"[619.78173828125, 612.2197875976562, 683.1134033203125, 665.2850952148438]",109.95864758169999,1183.5838867046605,0.9886665344238281,"89180 County Hwy F, Town of Agenda.png"
