object_id,class_id,class_name,bbox,area_m2,area_ft2,score,file
0,2,House,"[589.3202514648438, 615.0264282226562, 700.5588989257812, 665.5451049804688]",205.87666441049998,2216.0358280481805,0.9993196725845337,"89252 County Hwy F, Town of Agenda.png"
1,2,House,"[692.7440795898438, 372.89892578125, 762.3093872070312, 475.65191650390625]",232.340886981275,2500.894073377746,0.9993007183074951,"89252 County Hwy F, Town of Agenda.png"
2,2,House,"[886.5224609375, 721.3056640625, 1009.2833251953125, 808.7890625]",362.808321055975,3905.2324870144093,0.9984520673751831,"89252 County Hwy F, Town of Agenda.png"
3,5,Trailer,"[107.62979888916016, 735.3720703125, 201.21926879882812, 797.57568359375]",96.272976595025,1036.2726927711897,0.9977784752845764,"89252 County Hwy F, Town of Agenda.png"
4,1,Garage,"[904.029296875, 418.5250244140625, 954.1519775390625, 475.37823486328125]",99.46761449105,1070.659455620213,0.9626052379608154,"89252 County Hwy F, Town of Agenda.png"
