object_id,class_id,class_name,bbox,area_m2,area_ft2,score,file
0,2,House,"[1094.68212890625, 843.1450805664062, 1217.937744140625, 930.9407348632812]",360.20528277032497,3877.2136432115008,0.999444305896759,"89288 County Hwy F, Town of Agenda.png"
1,2,House,"[900.1947021484375, 496.6404113769531, 970.4036865234375, 600.3937377929688]",235.65384479937498,2536.5544200359923,0.9993725419044495,"89288 County Hwy F, Town of Agenda.png"
2,2,House,"[799.4335327148438, 738.9213256835938, 908.0379028320312, 789.7750854492188]",207.41482339747498,2232.5924175680807,0.9987506866455078,"89288 County Hwy F, Town of Agenda.png"
3,1,Garage,"[130.17132568359375, 905.6732177734375, 192.86135864257812, 955.5946044921875]",106.448489893475,1145.8009003643756,0.9972149133682251,"89288 County Hwy F, Town of Agenda.png"
4,5,Trailer,"[315.4265441894531, 858.6718139648438, 410.1525573730469, 923.6572875976562]",92.328979192525,993.8198991304198,0.9868342280387878,"89288 County Hwy F, Town of Agenda.png"
6,1,Garage,"[156.687255859375, 846.1503295898438, 212.96295166015625, 902.4933471679688]",70.59755350475,759.9050061697784,0.7282603979110718,"89288 County Hwy F, Town of Agenda.png"
