object_id,class_id,class_name,bbox,area_m2,area_ft2,score,file
0,2,House,"[419.59478759765625, 573.2045288085938, 539.9746704101562, 657.9786987304688]",356.497925211975,3837.3080171891775,0.9995866417884827,"89281 County Hwy F, Town of Agenda.png"
1,2,House,"[224.53514099121094, 223.89276123046875, 296.1444396972656, 328.4912109375]",234.82560534484998,2527.6393333714304,0.9994394183158875,"89281 County Hwy F, Town of Agenda.png"
2,2,House,"[120.05010986328125, 465.4984436035156, 232.46908569335938, 517.8280639648438]",207.335943449425,2231.743361695266,0.9974007606506348,"89281 County Hwy F, Town of Agenda.png"
4,1,Garage,"[377.0198669433594, 639.6624145507812, 406.8724060058594, 698.1906127929688]",56.71468264795,610.471172554269,0.3804256021976471,"89281 County Hwy F, Town of Agenda.png"
