object_id,class_id,class_name,bbox,area_m2,area_ft2,score,file
0,2,House,"[617.3572387695312, 604.199462890625, 683.3507690429688, 675.0341796875]",131.21679358117498,1412.4044444284093,0.9990518689155579,"89602 County Hwy F, Town of Agenda.png"
1,2,House,"[705.496337890625, 633.8833618164062, 785.800048828125, 710.8650512695312]",161.30949376224999,1736.3192599074825,0.9967544674873352,"89602 County Hwy F, Town of Agenda.png"
