object_id,class_id,class_name,bbox,area_m2,area_ft2,score,file
0,2,House,"[166.49072265625, 356.0198974609375, 223.70306396484375, 416.51556396484375]",97.456175815775,1049.0085308634204,0.9824872612953186,"89830 County Hwy F, Town of Agenda.png"
1,1,Garage,"[704.6659545898438, 637.73974609375, 769.1819458007812, 713.709716796875]",110.19528742585,1186.1310543231068,0.9740597009658813,"89830 County Hwy F, Town of Agenda.png"
3,2,House,"[750.3865966796875, 740.234130859375, 880.0294189453125, 829.409423828125]",264.760545629825,2849.8560371048734,0.7103620171546936,"89830 County Hwy F, Town of Agenda.png"
5,1,Garage,"[619.227783203125, 621.647216796875, 676.5819091796875, 668.0809326171875]",62.985638517925,677.9711144430928,0.43039822578430176,"89830 County Hwy F, Town of Agenda.png"
