object_id,class_id,class_name,bbox,area_m2,area_ft2,score,file
0,2,House,"[815.1959228515625, 384.2198181152344, 949.09228515625, 473.3876647949219]",252.96799339634998,2722.9221841189715,0.998689591884613,"89895 County Hwy F, Town of Agenda.png"
1,5,Trailer,"[619.4541015625, 595.5795288085938, 691.9658203125, 679.5243530273438]",75.36979036177499,811.2728864751098,0.9953917264938354,"89895 County Hwy F, Town of Agenda.png"
