object_id,class_id,class_name,bbox,area_m2,area_ft2,score,file
0,2,House,"[582.7756958007812, 595.904296875, 713.3639526367188, 690.7257080078125]",253.2046332405,2725.4693517374176,0.9988659620285034,"89961 County Hwy F, Town of Agenda.png"
1,5,Trailer,"[385.8114929199219, 809.5874633789062, 456.5365905761719, 891.7499389648438]",78.48554830975,844.810593451318,0.997983455657959,"89961 County Hwy F, Town of Agenda.png"
