object_id,class_id,class_name,bbox,area_m2,area_ft2,score,file
0,1,Garage,"[865.9614868164062, 965.2160034179688, 922.7913208007812, 1025.417236328125]",71.899072647575,773.9144280712325,0.999651312828064,"Birchwood Ln, Town of Agenda.png"
1,2,House,"[842.956787109375, 856.3401489257812, 931.0462646484375, 955.5873413085938]",153.89477864555,1656.5080078628355,0.9984561204910278,"Birchwood Ln, Town of Agenda.png"
2,1,Garage,"[874.6416625976562, 1136.3067626953125, 920.2083129882812, 1177.1458740234375]",56.596362725875,609.1975887450459,0.9908245801925659,"Birchwood Ln, Town of Agenda.png"
3,1,Garage,"[932.1661376953125, 1027.93603515625, 983.7640380859375, 1076.183349609375]",45.316530154724994,487.78259893244433,0.9874979257583618,"Birchwood Ln, Town of Agenda.png"
