object_id,class_id,class_name,bbox,area_m2,area_ft2,score,file
0,2,House,"[770.1982421875, 39.94473648071289, 833.9437255859375, 154.5260772705078]",245.9476780199,2647.3562114384013,0.9993863105773926,"Cherry Ln, Town of Agenda.png"
1,2,House,"[1229.89697265625, 937.8919677734375, 1279.1533203125, 997.11767578125]",98.797134932625,1063.4424807012822,0.9951251149177551,"Cherry Ln, Town of Agenda.png"
2,1,Garage,"[688.1214599609375, 210.0067138671875, 724.7159423828125, 281.1069641113281]",100.29585394557499,1079.5745422847747,0.9688036441802979,"Cherry Ln, Town of Agenda.png"
