object_id,class_id,class_name,bbox,area_m2,area_ft2,score,file
0,2,House,"[944.8225708007812, 499.87176513671875, 1062.2333984375, 548.1464233398438]",194.28131204714998,2091.2246147443175,0.9994927644729614,"Flambeau Rd, Town of Agenda.png"
1,1,Garage,"[872.8467407226562, 700.6810302734375, 943.9730834960938, 751.201416015625]",134.01703173695,1442.545927913356,0.9930111765861511,"Flambeau Rd, Town of Agenda.png"
2,1,Garage,"[1183.1724853515625, 877.8286743164062, 1220.7784423828125, 919.3367309570312]",56.833002570024995,611.744756363492,0.9922052025794983,"Flambeau Rd, Town of Agenda.png"
3,2,House,"[1105.5966796875, 734.8493041992188, 1193.733642578125, 893.1864624023438]",246.57871760429998,2654.1486584209247,0.9328439831733704,"Flambeau Rd, Town of Agenda.png"
