object_id,class_id,class_name,bbox,area_m2,area_ft2,score,file
0,1,Garage,"[385.0243835449219, 1133.2972412109375, 432.7584533691406, 1190.7445068359375]",65.90419659577499,709.3861817372624,0.6456393003463745,"Hardwood Ln, Town of Agenda.png"
1,5,Trailer,"[95.56068420410156, 217.76364135742188, 124.99839782714844, 265.5873718261719]",24.68942373965,265.7544881912186,0.49516618251800537,"Hardwood Ln, Town of Agenda.png"
