object_id,class_id,class_name,bbox,area_m2,area_ft2,score,file
0,2,House,"[582.82470703125, 428.2033386230469, 637.1357421875, 492.4474182128906]",107.789449010325,1160.2348502022373,0.9996691942214966,1007_jpg.rf.490184a726df05072d8c86d6b746b22a.jpg
1,2,House,"[224.38856506347656, 727.7451171875, 273.895263671875, 813.465576171875]",148.68870207425,1600.4703202570195,0.9996380805969238,1007_jpg.rf.490184a726df05072d8c86d6b746b22a.jpg
3,1,Garage,"[0.0, 626.3770751953125, 41.39915466308594, 671.385009765625]",38.88781438865,418.58454529798973,0.9878326654434204,1007_jpg.rf.490184a726df05072d8c86d6b746b22a.jpg
4,2,House,"[763.9146118164062, 1245.089111328125, 851.5164184570312, 1279.154052734375]",67.5212355308,726.7918271299781,0.5585576891899109,1007_jpg.rf.490184a726df05072d8c86d6b746b22a.jpg
