object_id,class_id,class_name,bbox,area_m2,area_ft2,score,file
0,2,House,"[1170.9034423828125, 84.03994750976562, 1242.3211669921875, 201.39352416992188]",216.091617682975,2325.9885635777746,0.9997920393943787,1029_jpg.rf.8c4cf611c6436d0457e606e76efd2651.jpg
1,2,House,"[926.445068359375, 671.367431640625, 1006.1156005859375, 746.6685791015625]",126.32623680207499,1359.762980313855,0.9996715784072876,1029_jpg.rf.8c4cf611c6436d0457e606e76efd2651.jpg
