object_id,class_id,class_name,bbox,area_m2,area_ft2,score,file
0,2,House,"[391.96307373046875, 840.1368408203125, 483.31146240234375, 907.2947998046875]",145.888463918475,1570.328836772073,0.9998441934585571,13_jpg.rf.8456888b0d094a97c0e23c9d64916bfe.jpg
1,2,House,"[84.59349060058594, 353.7334899902344, 177.5386199951172, 421.0433044433594]",147.150543087275,1583.9137307371193,0.9997617602348328,13_jpg.rf.8456888b0d094a97c0e23c9d64916bfe.jpg
2,2,House,"[747.7030639648438, 400.14154052734375, 845.7271118164062, 470.6507568359375]",157.79933607402498,1698.5362735671974,0.9996823072433472,13_jpg.rf.8456888b0d094a97c0e23c9d64916bfe.jpg
3,2,House,"[757.750244140625, 817.284912109375, 849.71337890625, 887.9024658203125]",149.2408617106,1606.4137113667273,0.9995711445808411,13_jpg.rf.8456888b0d094a97c0e23c9d64916bfe.jpg
4,2,House,"[1250.4354248046875, 858.8347778320312, 1279.9342041015625, 911.2902221679688]",41.530292648324995,447.0279170373054,0.9985829591751099,13_jpg.rf.8456888b0d094a97c0e23c9d64916bfe.jpg
