object_id,class_id,class_name,bbox,area_m2,area_ft2,score,file
0,2,House,"[605.8557739257812, 620.3433227539062, 673.3123168945312, 713.4992065429688]",143.443185528925,1544.0081047147958,0.9997872710227966,161_jpg.rf.b807574cff2b4f9808cda93c6776992d.jpg
1,2,House,"[692.8402709960938, 957.6921997070312, 786.5874633789062, 1040.6700439453125]",147.544942827525,1588.1590101011964,0.9997667670249939,161_jpg.rf.b807574cff2b4f9808cda93c6776992d.jpg
2,2,House,"[974.0836181640625, 178.3248291015625, 1058.6610107421875, 269.1483154296875]",145.69126404834998,1568.2061970900343,0.9997662901878357,161_jpg.rf.b807574cff2b4f9808cda93c6776992d.jpg
3,2,House,"[1147.5902099609375, 822.5411987304688, 1225.4293212890625, 913.7678833007812]",148.53094217814999,1598.7722085113885,0.999617338180542,161_jpg.rf.b807574cff2b4f9808cda93c6776992d.jpg
