object_id,class_id,class_name,bbox,area_m2,area_ft2,score,file
0,2,House,"[1013.020751953125, 258.4713134765625, 1101.034912109375, 345.03369140625]",155.27517773642498,1671.3664856371047,0.9993923902511597,164_jpg.rf.4247243a052c0339237b0583a2879242.jpg
