object_id,class_id,class_name,bbox,area_m2,area_ft2,score,file
0,2,House,"[798.8555908203125, 1009.1727294921875, 873.515625, 1054.3699951171875]",126.56287664622499,1362.310147932301,0.9997770190238953,165_jpg.rf.1061b5faa6504b5d64d3e11e6f51b16a.jpg
1,2,House,"[99.28263092041016, 463.4856872558594, 190.62283325195312, 554.6351928710938]",151.68614010015,1632.7344434240044,0.9996542930603027,165_jpg.rf.1061b5faa6504b5d64d3e11e6f51b16a.jpg
