object_id,class_id,class_name,bbox,area_m2,area_ft2,score,file
0,2,House,"[942.7161865234375, 85.41287231445312, 992.392333984375, 182.05282592773438]",174.40356513855,1877.2625347948383,0.9995255470275879,169_jpg.rf.e2e0aadffbd51e43793950943ea3e796.jpg
