object_id,class_id,class_name,bbox,area_m2,area_ft2,score,file
0,1,Garage,"[1061.5711669921875, 771.4461669921875, 1086.6898193359375, 812.4033203125]",38.4934146484,414.3392659339127,0.9985735416412354,1_png.rf.9d5cc49690cfaf5e226db60b7a1c6dd2.jpg
1,1,Garage,"[713.6444702148438, 521.6632690429688, 790.7843627929688, 572.6163940429688]",143.364305580875,1543.1590488419804,0.9978491067886353,1_png.rf.9d5cc49690cfaf5e226db60b7a1c6dd2.jpg
2,2,House,"[1018.4783325195312, 360.30584716796875, 1080.695556640625, 442.23150634765625]",183.51419913832498,1975.3284881050163,0.994390070438385,1_png.rf.9d5cc49690cfaf5e226db60b7a1c6dd2.jpg
3,1,Garage,"[798.0591430664062, 665.9100341796875, 830.2576293945312, 694.2940673828125]",32.459098622575,349.386491663535,0.9276986122131348,1_png.rf.9d5cc49690cfaf5e226db60b7a1c6dd2.jpg
4,2,House,"[1000.450439453125, 532.3023681640625, 1061.8857421875, 582.38232421875]",101.873452906575,1096.5556597410825,0.8543626070022583,1_png.rf.9d5cc49690cfaf5e226db60b7a1c6dd2.jpg
