object_id,class_id,class_name,bbox,area_m2,area_ft2,score,file
0,2,House,"[580.1622314453125, 389.1252746582031, 735.6014404296875, 441.2369689941406]",293.03900700574997,3154.2425675091918,0.9993312358856201,21_png.rf.1edf3fe585c21cfeff36e8dabb380097.jpg
1,2,House,"[480.10943603515625, 0.1575908660888672, 547.9592895507812, 8.772303581237793]",19.128387402125,205.89604915773327,0.9816383123397827,21_png.rf.1edf3fe585c21cfeff36e8dabb380097.jpg
2,1,Garage,"[861.3795166015625, 269.45233154296875, 927.41845703125, 347.44287109375]",198.38306934575,2135.375520130718,0.9328358769416809,21_png.rf.1edf3fe585c21cfeff36e8dabb380097.jpg
3,1,Garage,"[477.12255859375, 235.55563354492188, 552.46875, 366.3993835449219]",328.337783758125,3534.1950705940817,0.8660274147987366,21_png.rf.1edf3fe585c21cfeff36e8dabb380097.jpg
4,1,Garage,"[550.465576171875, 458.3347473144531, 574.814697265625, 487.0155944824219]",25.517663194175,274.6695748557803,0.7133941650390625,21_png.rf.1edf3fe585c21cfeff36e8dabb380097.jpg
