object_id,class_id,class_name,bbox,area_m2,area_ft2,score,file
0,2,House,"[425.3793029785156, 0.33319854736328125, 475.7351989746094, 58.24340057373047]",98.5999350625,1061.3198410192435,0.9998250603675842,220_jpg.rf.4dd068d5066bf8c6b8f9504676d23096.jpg
1,2,House,"[585.851318359375, 827.4336547851562, 674.4241943359375, 955.9392700195312]",266.9297442012,2873.2050736072965,0.9997895359992981,220_jpg.rf.4dd068d5066bf8c6b8f9504676d23096.jpg
2,2,House,"[1188.6751708984375, 766.3958740234375, 1261.9344482421875, 852.4058837890625]",131.5717533474,1416.225195856079,0.9997265934944153,220_jpg.rf.4dd068d5066bf8c6b8f9504676d23096.jpg
3,2,House,"[580.4093627929688, 1121.8182373046875, 636.2578735351562, 1205.9915771484375]",146.28286365872498,1574.5741161361498,0.9993928670883179,220_jpg.rf.4dd068d5066bf8c6b8f9504676d23096.jpg
5,2,House,"[1203.619140625, 1149.7188720703125, 1279.897216796875, 1241.2156982421875]",152.98765924297498,1646.7438653254583,0.9991021156311035,220_jpg.rf.4dd068d5066bf8c6b8f9504676d23096.jpg
6,1,Garage,"[489.99700927734375, 58.56105041503906, 542.5661010742188, 111.07733154296875]",93.038898724975,1001.4614019857584,0.9982465505599976,220_jpg.rf.4dd068d5066bf8c6b8f9504676d23096.jpg
7,1,Garage,"[630.3038940429688, 1057.5926513671875, 673.3026733398438, 1106.5457763671875]",64.247717686725,691.5560084081392,0.9980837106704712,220_jpg.rf.4dd068d5066bf8c6b8f9504676d23096.jpg
