object_id,class_id,class_name,bbox,area_m2,area_ft2,score,file
0,2,House,"[452.46533203125, 694.6565551757812, 513.9144287109375, 776.4492797851562]",126.44455672414999,1361.036564123078,0.9998067021369934,221_jpg.rf.bf72f0a916900e4e272271700f89e992.jpg
1,2,House,"[847.256103515625, 753.768798828125, 918.808837890625, 812.9244384765625]",159.81077474929998,1720.18719832399,0.9997490048408508,221_jpg.rf.bf72f0a916900e4e272271700f89e992.jpg
2,2,House,"[353.3736877441406, 1048.1395263671875, 423.5964050292969, 1130.5594482421875]",127.11503628257499,1368.253539042009,0.9997220635414124,221_jpg.rf.bf72f0a916900e4e272271700f89e992.jpg
3,2,House,"[555.842041015625, 222.6897735595703, 635.16552734375, 280.0934143066406]",125.300797477425,1348.7252539672547,0.9997145533561707,221_jpg.rf.bf72f0a916900e4e272271700f89e992.jpg
4,2,House,"[0.3818035125732422, 453.6961975097656, 57.898643493652344, 538.3123779296875]",118.20160215292499,1272.3102254138694,0.9996979236602783,221_jpg.rf.bf72f0a916900e4e272271700f89e992.jpg
5,2,House,"[1105.26416015625, 256.92181396484375, 1190.4541015625, 337.34423828125]",127.78551584099999,1375.4705139609398,0.9992801547050476,221_jpg.rf.bf72f0a916900e4e272271700f89e992.jpg
