object_id,class_id,class_name,bbox,area_m2,area_ft2,score,file
0,2,House,"[834.7865600585938, 407.46319580078125, 936.8512573242188, 481.8978271484375]",153.42149895724998,1651.413672625943,0.9998118281364441,222_jpg.rf.2101a5f9d4a1b8cd43b19a1d6e55f779.jpg
1,2,House,"[400.0424499511719, 848.1602172851562, 483.9525451660156, 929.9201049804688]",127.11503628257499,1368.253539042009,0.9997442364692688,222_jpg.rf.2101a5f9d4a1b8cd43b19a1d6e55f779.jpg
2,2,House,"[485.0975646972656, 395.7525939941406, 579.2499389648438, 482.1219787597656]",149.674701424875,1611.0835186672118,0.9997132420539856,222_jpg.rf.2101a5f9d4a1b8cd43b19a1d6e55f779.jpg
3,2,House,"[1178.92041015625, 691.69140625, 1257.973388671875, 790.2540283203125]",154.17085846372498,1659.4797034176893,0.9996674060821533,222_jpg.rf.2101a5f9d4a1b8cd43b19a1d6e55f779.jpg
4,2,House,"[687.4136962890625, 1003.9608154296875, 775.5096435546875, 1091.6300048828125]",153.697578775425,1654.385368180797,0.9995905756950378,222_jpg.rf.2101a5f9d4a1b8cd43b19a1d6e55f779.jpg
