object_id,class_id,class_name,bbox,area_m2,area_ft2,score,file
0,2,House,"[840.8900756835938, 534.1968383789062, 902.7738647460938, 615.1118774414062]",144.74470467175,1558.0175266162496,0.999700665473938,234_jpg.rf.910b649343501baaa80af71449289927.jpg
1,2,House,"[616.5776977539062, 305.08819580078125, 703.1403198242188, 380.60784912109375]",139.69638799655,1503.6779507560643,0.9996755123138428,234_jpg.rf.910b649343501baaa80af71449289927.jpg
2,2,House,"[30.37249755859375, 592.206787109375, 118.9691162109375, 675.50390625]",141.5106268017,1523.2062358308185,0.9996557235717773,234_jpg.rf.910b649343501baaa80af71449289927.jpg
3,2,House,"[291.74993896484375, 1208.471923828125, 375.02557373046875, 1280.0]",124.39367807484999,1338.9611114298777,0.9995757937431335,234_jpg.rf.910b649343501baaa80af71449289927.jpg
4,2,House,"[678.1781005859375, 950.2089233398438, 757.2418212890625, 1040.624755859375]",141.944466515975,1527.8760431313033,0.999555766582489,234_jpg.rf.910b649343501baaa80af71449289927.jpg
5,2,House,"[310.87420654296875, 364.0003356933594, 400.8033447265625, 449.4067687988281]",144.468624853575,1555.0458310613958,0.9995031356811523,234_jpg.rf.910b649343501baaa80af71449289927.jpg
