object_id,class_id,class_name,bbox,area_m2,area_ft2,score,file
0,2,House,"[189.9734344482422, 327.7203674316406, 281.70263671875, 385.8600158691406]",151.72558007417499,1633.1589713604121,0.9995730519294739,242_jpg.rf.92db694a85b1fbfe90a2fbbdc2608948.jpg
