object_id,class_id,class_name,bbox,area_m2,area_ft2,score,file
0,2,House,"[286.38555908203125, 1128.5185546875, 344.48321533203125, 1216.173828125]",131.80839319154998,1418.7723634745248,0.9996483325958252,295_jpg.rf.30687cc385a6f5bb9d958e3633759511.jpg
