object_id,class_id,class_name,bbox,area_m2,area_ft2,score,file
0,2,House,"[120.563720703125, 512.36083984375, 206.80825805664062, 591.557861328125]",133.3071122045,1434.9044250580173,0.9998480081558228,298_jpg.rf.963bafd53d0f74a73d58dc9a289c3f92.jpg
1,2,House,"[621.2119750976562, 24.28811264038086, 702.6862182617188, 106.22817993164062]",131.80839319154998,1418.7723634745248,0.9995403289794922,298_jpg.rf.963bafd53d0f74a73d58dc9a289c3f92.jpg
5,2,House,"[251.13641357421875, 91.02632141113281, 364.4478759765625, 175.46168518066406]",193.49251256665,2082.734056016164,0.9986133575439453,298_jpg.rf.963bafd53d0f74a73d58dc9a289c3f92.jpg
9,2,House,"[344.6237487792969, 35.277923583984375, 385.6091003417969, 69.8390884399414]",49.339407505275,531.0844484460296,0.8995231986045837,298_jpg.rf.963bafd53d0f74a73d58dc9a289c3f92.jpg
