object_id,class_id,class_name,bbox,area_m2,area_ft2,score,file
0,2,House,"[728.6663818359375, 760.87841796875, 804.8424072265625, 809.260498046875]",130.70407391884999,1406.8855812551094,0.9998917579650879,311_jpg.rf.55f274b94f3153644c7bf96475edc0b4.jpg
1,2,House,"[0.0, 766.5625610351562, 57.11098861694336, 830.1785278320312]",133.4648721006,1436.6025368036483,0.9998031258583069,311_jpg.rf.55f274b94f3153644c7bf96475edc0b4.jpg
2,2,House,"[290.00006103515625, 413.38818359375, 372.967529296875, 494.4210205078125]",128.7320752176,1385.6591844347245,0.9997552037239075,311_jpg.rf.55f274b94f3153644c7bf96475edc0b4.jpg
3,2,House,"[513.1222534179688, 583.3599243164062, 594.6616821289062, 653.1968383789062]",130.46743407469998,1404.338413636663,0.999556839466095,311_jpg.rf.55f274b94f3153644c7bf96475edc0b4.jpg
