object_id,class_id,class_name,bbox,area_m2,area_ft2,score,file
0,2,House,"[760.0368041992188, 506.25372314453125, 852.1163940429688, 585.9627075195312]",150.1874210872,1616.602381840512,0.9998455047607422,318_jpg.rf.938b53aa1267001e8493c57f6ad198fe.jpg
1,2,House,"[427.0267333984375, 537.8823852539062, 523.9803466796875, 592.9276733398438]",164.740771502425,1773.2531903749523,0.9997574687004089,318_jpg.rf.938b53aa1267001e8493c57f6ad198fe.jpg
2,2,House,"[64.5394287109375, 551.4144897460938, 157.14520263671875, 609.0822143554688]",160.40237435967498,1726.5551173701053,0.9997149109840393,318_jpg.rf.938b53aa1267001e8493c57f6ad198fe.jpg
3,2,House,"[689.3610229492188, 1033.6629638671875, 769.5225219726562, 1090.8992919921875]",143.64038539905,1546.1307443968342,0.9996182918548584,318_jpg.rf.938b53aa1267001e8493c57f6ad198fe.jpg
4,2,House,"[1185.88427734375, 401.23455810546875, 1272.929443359375, 470.436279296875]",141.27398695755,1520.6590682123724,0.999599039554596,318_jpg.rf.938b53aa1267001e8493c57f6ad198fe.jpg
5,2,House,"[415.7291564941406, 1018.917236328125, 497.6341247558594, 1072.192138671875]",148.570382152175,1599.1967364477964,0.9994015693664551,318_jpg.rf.938b53aa1267001e8493c57f6ad198fe.jpg
