object_id,class_id,class_name,bbox,area_m2,area_ft2,score,file
0,2,House,"[885.8028564453125, 877.7545166015625, 952.231201171875, 991.294677734375]",223.38801287759998,2404.526231813198,0.9997684359550476,347_jpg.rf.92c8cd2f4e5ef88b631b609a6ce1fad6.jpg
1,2,House,"[837.0240478515625, 298.237060546875, 896.0361328125, 380.0980224609375]",136.501750100525,1469.291187907041,0.9994833469390869,347_jpg.rf.92c8cd2f4e5ef88b631b609a6ce1fad6.jpg
3,1,Garage,"[950.6646728515625, 1119.1639404296875, 1010.784912109375, 1189.5401611328125]",124.86695776315,1344.0554466667702,0.9761083722114563,347_jpg.rf.92c8cd2f4e5ef88b631b609a6ce1fad6.jpg
