object_id,class_id,class_name,bbox,area_m2,area_ft2,score,file
0,2,House,"[349.0072326660156, 0.7005000114440918, 392.8869323730469, 16.47576141357422]",12.778551584099999,137.54705139609396,0.9916601777076721,352_jpg.rf.a5843ed786647bcab44a6b646cc2f09f.jpg
1,2,House,"[176.0255126953125, 182.6654510498047, 246.68948364257812, 273.238037109375]",140.445747503025,1511.7439815478106,0.8976068496704102,352_jpg.rf.a5843ed786647bcab44a6b646cc2f09f.jpg
2,2,House,"[352.6294250488281, 1.0156974792480469, 386.6338806152344, 15.145479202270508]",11.003752752975,118.4432942577476,0.30550193786621094,352_jpg.rf.a5843ed786647bcab44a6b646cc2f09f.jpg
