object_id,class_id,class_name,bbox,area_m2,area_ft2,score,file
0,2,House,"[1101.5452880859375, 672.3497314453125, 1174.9947509765625, 731.92529296875]",113.4293652959,1220.942345108538,0.999677300453186,373_jpg.rf.15ed716ab28b6e60bdd1dce837bf5331.jpg
1,2,House,"[492.25274658203125, 731.6189575195312, 568.8374633789062, 791.9602661132812]",115.835203711425,1246.8385492294074,0.9995074272155762,373_jpg.rf.15ed716ab28b6e60bdd1dce837bf5331.jpg
2,2,House,"[741.0526733398438, 523.4924926757812, 819.4221801757812, 577.8983764648438]",109.051528179125,1173.8197441672835,0.9972086548805237,373_jpg.rf.15ed716ab28b6e60bdd1dce837bf5331.jpg
6,2,House,"[431.8388977050781, 1152.9439697265625, 492.0644226074219, 1196.4442138671875]",63.222278362074995,680.518282061539,0.9283820986747742,373_jpg.rf.15ed716ab28b6e60bdd1dce837bf5331.jpg
