object_id,class_id,class_name,bbox,area_m2,area_ft2,score,file
0,2,House,"[768.6997680664062, 432.51422119140625, 860.0493774414062, 480.488525390625]",161.5461336064,1738.8664275259289,0.9995819926261902,3_png.rf.470f5bc536da5caaabbdf32d57bb05f1.jpg
1,1,Garage,"[531.5335083007812, 536.609619140625, 607.3915405273438, 585.290771484375]",141.076787087425,1518.536428530334,0.8746419548988342,3_png.rf.470f5bc536da5caaabbdf32d57bb05f1.jpg
2,1,Garage,"[543.9807739257812, 442.9336242675781, 608.8093872070312, 491.6636047363281]",123.80207846447499,1332.5931923837622,0.7126897573471069,3_png.rf.470f5bc536da5caaabbdf32d57bb05f1.jpg
