object_id,class_id,class_name,bbox,area_m2,area_ft2,score,file
0,2,House,"[632.4395141601562, 820.0855712890625, 732.6378784179688, 900.0435791015625]",200.0395482548,2153.2056934598418,0.9995414018630981,41_png.rf.f661748aa6852145b827a1e5671fca41.jpg
1,2,House,"[1014.5084228515625, 977.2769165039062, 1118.2789306640625, 1043.19287109375]",166.51557033355,1792.3569475132986,0.9993638396263123,41_png.rf.f661748aa6852145b827a1e5671fca41.jpg
2,2,House,"[1239.471923828125, 994.5984497070312, 1278.279052734375, 1084.0626220703125]",96.62793636125,1040.0934441988588,0.999338686466217,41_png.rf.f661748aa6852145b827a1e5671fca41.jpg
3,2,House,"[837.0723266601562, 1213.571044921875, 946.1224975585938, 1277.958984375]",162.09829324275,1744.8098186356367,0.9991145730018616,41_png.rf.f661748aa6852145b827a1e5671fca41.jpg
4,2,House,"[724.7614135742188, 655.5929565429688, 815.8283081054688, 718.3030395507812]",155.906217320825,1678.158932619628,0.9967267513275146,41_png.rf.f661748aa6852145b827a1e5671fca41.jpg
6,1,Garage,"[1118.4453125, 1001.03076171875, 1170.321044921875, 1056.428466796875]",75.724750128,815.0936379027792,0.9789718389511108,41_png.rf.f661748aa6852145b827a1e5671fca41.jpg
8,1,Garage,"[770.519775390625, 1216.6553955078125, 829.5604248046875, 1268.9183349609375]",83.612744933,899.9992251843187,0.9321998357772827,41_png.rf.f661748aa6852145b827a1e5671fca41.jpg
10,2,House,"[844.7281494140625, 697.789306640625, 900.92431640625, 765.6287841796875]",88.384981790025,951.36710548965,0.8631476163864136,41_png.rf.f661748aa6852145b827a1e5671fca41.jpg
