object_id,class_id,class_name,bbox,area_m2,area_ft2,score,file
0,1,Garage,"[433.699462890625, 979.7310791015625, 552.0757446289062, 1060.5902099609375]",274.6599791101,2956.412549143205,0.9826242327690125,451_jpg.rf.4dbc48e9405650a1a27c479a08b877c8.jpg
1,2,House,"[1094.4820556640625, 1161.52294921875, 1131.2667236328125, 1217.478759765625]",53.204524959725,572.6881862139838,0.9363066554069519,451_jpg.rf.4dbc48e9405650a1a27c479a08b877c8.jpg
2,2,House,"[608.2060546875, 1186.027587890625, 712.3846435546875, 1239.2861328125]",198.6197091899,2137.9226877491647,0.9170691967010498,451_jpg.rf.4dbc48e9405650a1a27c479a08b877c8.jpg
3,2,House,"[1215.142578125, 1243.3599853515625, 1280.0, 1279.9583740234375]",64.3660376088,692.8295922173622,0.5408642888069153,451_jpg.rf.4dbc48e9405650a1a27c479a08b877c8.jpg
