object_id,class_id,class_name,bbox,area_m2,area_ft2,score,file
0,2,House,"[1103.965087890625, 410.8734130859375, 1270.654052734375, 470.71453857421875]",369.591996588275,3978.251292076533,0.9998829364776611,4_png.rf.51aa67dacff80a4ebff7e36ed61f9221.jpg
