object_id,class_id,class_name,bbox,area_m2,area_ft2,score,file
3,2,House,"[824.2525634765625, 1196.3743896484375, 909.20556640625, 1248.1129150390625]",155.19629778837498,1670.5174297642893,0.8848006129264832,502_jpg.rf.13868652ea3008859a5761faf0266cea.jpg
