object_id,class_id,class_name,bbox,area_m2,area_ft2,score,file
0,2,House,"[442.5631103515625, 112.74203491210938, 516.1275634765625, 209.21636962890625]",207.49370334552498,2233.441473440896,0.9993981122970581,512_jpg.rf.0adac6ab820bcb7ba97c107f126ae9b6.jpg
1,2,House,"[484.8565979003906, 444.5099182128906, 615.0947875976562, 546.4888916015625]",420.548443028575,4526.741385915278,0.9993840456008911,512_jpg.rf.0adac6ab820bcb7ba97c107f126ae9b6.jpg
2,2,House,"[316.3138732910156, 430.44390869140625, 445.7933654785156, 598.9071655273438]",406.54725224969997,4376.033968490546,0.9990013241767883,512_jpg.rf.0adac6ab820bcb7ba97c107f126ae9b6.jpg
3,2,House,"[251.05276489257812, 416.2149963378906, 306.2709655761719, 485.2486267089844]",123.013278983975,1324.1026336556085,0.9978232383728027,512_jpg.rf.0adac6ab820bcb7ba97c107f126ae9b6.jpg
4,2,House,"[455.05145263671875, 714.8238525390625, 517.1033325195312, 814.2340087890625]",199.290188748325,2145.1396626680953,0.9928758144378662,512_jpg.rf.0adac6ab820bcb7ba97c107f126ae9b6.jpg
5,2,House,"[359.4460754394531, 83.961181640625, 406.7932434082031, 130.08465576171875]",67.402915608725,725.518243320755,0.7540934681892395,512_jpg.rf.0adac6ab820bcb7ba97c107f126ae9b6.jpg
6,1,Garage,"[355.2196960449219, 257.0940246582031, 382.2210388183594, 280.2002258300781]",19.680547038474998,211.83944026744103,0.7059533596038818,512_jpg.rf.0adac6ab820bcb7ba97c107f126ae9b6.jpg
