object_id,class_id,class_name,bbox,area_m2,area_ft2,score,file
0,2,House,"[574.791015625, 329.5810241699219, 703.5364990234375, 409.8586730957031]",357.996644224925,3853.44007877267,0.999792754650116,52_png.rf.6ac89444e8c88f628f4482d052def932.jpg
1,2,House,"[106.04104614257812, 261.23162841796875, 173.77606201171875, 350.6015625]",184.934038203225,1990.6114938156934,0.9997627139091492,52_png.rf.6ac89444e8c88f628f4482d052def932.jpg
2,2,House,"[312.741943359375, 22.206012725830078, 357.6917724609375, 95.28886413574219]",111.29960669855,1198.0178365425222,0.9996143579483032,52_png.rf.6ac89444e8c88f628f4482d052def932.jpg
3,2,House,"[1068.2049560546875, 157.77462768554688, 1120.9923095703125, 261.09521484375]",203.19474617679998,2187.167928372457,0.9994871616363525,52_png.rf.6ac89444e8c88f628f4482d052def932.jpg
4,1,Garage,"[140.10409545898438, 405.5703430175781, 185.32757568359375, 441.7254943847656]",59.7910006219,643.5843515940694,0.9993509650230408,52_png.rf.6ac89444e8c88f628f4482d052def932.jpg
5,1,Garage,"[853.6648559570312, 39.95402145385742, 939.3287963867188, 119.56581115722656]",186.196117372025,2004.1963877807398,0.9983875751495361,52_png.rf.6ac89444e8c88f628f4482d052def932.jpg
6,1,Garage,"[987.3257446289062, 0.3818092346191406, 1055.290771484375, 58.09457778930664]",119.30592142562499,1284.1970076332848,0.986806333065033,52_png.rf.6ac89444e8c88f628f4482d052def932.jpg
