object_id,class_id,class_name,bbox,area_m2,area_ft2,score,file
0,2,House,"[509.8124084472656, 986.5420532226562, 580.69482421875, 1069.1934814453125]",124.1570382307,1336.4139438114316,0.9995762705802917,568_jpg.rf.33d1ca37352f6853c2ce4e6bf1a84efa.jpg
1,2,House,"[117.68399810791016, 1219.9970703125, 214.68328857421875, 1280.0]",164.583011606325,1771.5550786293215,0.9991006851196289,568_jpg.rf.33d1ca37352f6853c2ce4e6bf1a84efa.jpg
