object_id,class_id,class_name,bbox,area_m2,area_ft2,score,file
0,2,House,"[0.6872262954711914, 841.7767944335938, 30.855926513671875, 885.5551147460938]",47.880128466349994,515.3769147989447,0.9992731213569641,581_jpg.rf.a55edcb8349cc6d7458ca1ee352a5478.jpg
1,1,Garage,"[79.00938415527344, 1015.3917846679688, 102.62324523925781, 1045.07568359375]",26.069822830525,280.612965965488,0.9974779486656189,581_jpg.rf.a55edcb8349cc6d7458ca1ee352a5478.jpg
2,2,House,"[149.525634765625, 946.36865234375, 209.73165893554688, 1046.9361572265625]",228.75184934499998,2462.262031164645,0.9962564706802368,581_jpg.rf.a55edcb8349cc6d7458ca1ee352a5478.jpg
4,2,House,"[145.3831787109375, 832.1030883789062, 202.3026123046875, 935.6725463867188]",171.56388700875,1846.6965233734838,0.31783154606819153,581_jpg.rf.a55edcb8349cc6d7458ca1ee352a5478.jpg
