object_id,class_id,class_name,bbox,area_m2,area_ft2,score,file
0,2,House,"[1163.1522216796875, 241.11666870117188, 1241.6846923828125, 360.3774719238281]",223.46689282564998,2405.3752876860135,0.9992153644561768,589_jpg.rf.8056bc1ccc3fae1a73e5deb820fb0505.jpg
1,2,House,"[1241.98828125, 0.0, 1279.7802734375, 86.79440307617188]",90.75138023152499,976.8387816741118,0.9955064058303833,589_jpg.rf.8056bc1ccc3fae1a73e5deb820fb0505.jpg
2,2,House,"[884.9898681640625, 247.28529357910156, 974.1324462890625, 333.2127685546875]",207.7697831637,2236.4131689957503,0.9937188625335693,589_jpg.rf.8056bc1ccc3fae1a73e5deb820fb0505.jpg
6,2,House,"[1071.3118896484375, 1.575399398803711, 1190.9859619140625, 35.057373046875]",82.153465894075,884.2916915372339,0.8755005598068237,589_jpg.rf.8056bc1ccc3fae1a73e5deb820fb0505.jpg
7,2,House,"[923.7073974609375, 0.6698780059814453, 968.4443359375, 43.02545928955078]",60.974199842649995,656.3201896863003,0.6867528557777405,589_jpg.rf.8056bc1ccc3fae1a73e5deb820fb0505.jpg
