object_id,class_id,class_name,bbox,area_m2,area_ft2,score,file
0,2,House,"[26.4111328125, 95.20525360107422, 205.00172424316406, 170.7147216796875]",427.095478716725,4597.213023358956,0.9996449947357178,60_png.rf.f4633367f45ed362f5f638a3c1175d86.jpg
1,2,House,"[272.77593994140625, 398.4828186035156, 416.0633544921875, 475.7384948730469]",408.16429118472496,4393.439613883261,0.9995201826095581,60_png.rf.f4633367f45ed362f5f638a3c1175d86.jpg
2,2,House,"[422.18548583984375, 942.0872192382812, 505.01904296875, 986.8866577148438]",142.181106360125,1530.4232107497494,0.9991475343704224,60_png.rf.f4633367f45ed362f5f638a3c1175d86.jpg
3,2,House,"[415.3821105957031, 10.57590103149414, 512.170654296875, 114.22343444824219]",241.96424064337498,2604.4788898612237,0.9987478256225586,60_png.rf.f4633367f45ed362f5f638a3c1175d86.jpg
4,1,Garage,"[355.6932678222656, 93.12889862060547, 390.1117248535156, 138.3776397705078]",43.817811141774996,471.65053734895184,0.9967119693756104,60_png.rf.f4633367f45ed362f5f638a3c1175d86.jpg
8,2,House,"[30.45507049560547, 400.86517333984375, 111.94184112548828, 487.6611328125]",246.49983765624998,2653.299602548109,0.8942869901657104,60_png.rf.f4633367f45ed362f5f638a3c1175d86.jpg
