object_id,class_id,class_name,bbox,area_m2,area_ft2,score,file
0,1,Garage,"[358.2588195800781, 67.4976806640625, 394.0069274902344, 139.86070251464844]",92.09233934837499,991.2727315119736,0.999407172203064,618_jpg.rf.275a30abb6e37100dadb8797fe54a25c.jpg
1,2,House,"[218.67874145507812, 0.2762746810913086, 316.5102844238281, 28.1883544921875]",100.769133633875,1084.6688775216671,0.993319034576416,618_jpg.rf.275a30abb6e37100dadb8797fe54a25c.jpg
