object_id,class_id,class_name,bbox,area_m2,area_ft2,score,file
0,2,House,"[850.1693725585938, 986.8021240234375, 1009.3102416992188, 1072.0811767578125]",322.185147810225,3467.9687125144806,0.9998001456260681,61_png.rf.26ed6ef8f2b2137e8c4338aa61404da1.jpg
1,2,House,"[1128.6785888671875, 1076.484375, 1199.7471923828125, 1130.0068359375]",130.901273788975,1409.008220937148,0.9993896484375,61_png.rf.26ed6ef8f2b2137e8c4338aa61404da1.jpg
