object_id,class_id,class_name,bbox,area_m2,area_ft2,score,file
2,1,Garage,"[510.249267578125, 131.4005889892578, 608.34423828125, 293.27264404296875]",615.65799453025,6626.881087324157,0.7812309265136719,623_jpg.rf.c0495fd29a17e0825b1c8fa56d9ee3fc.jpg
