object_id,class_id,class_name,bbox,area_m2,area_ft2,score,file
0,2,House,"[417.18951416015625, 684.1806640625, 560.0098876953125, 765.9228515625]",300.098762356225,3230.23306812617,0.9997612833976746,63_png.rf.6f8e7950e3d6bf6d4629dbc382addeef.jpg
1,2,House,"[386.640869140625, 903.88232421875, 463.641845703125, 998.8392333984375]",250.246635188625,2693.6297565068403,0.9915665984153748,63_png.rf.6f8e7950e3d6bf6d4629dbc382addeef.jpg
