object_id,class_id,class_name,bbox,area_m2,area_ft2,score,file
0,1,Garage,"[423.0812683105469, 117.03260803222656, 466.5873107910156, 156.61155700683594]",58.60780140115,630.8485135018384,0.9992546439170837,65_png.rf.35c650240b90c4a4281649fdb24d2c1a.jpg
1,1,Garage,"[517.5894775390625, 41.72762680053711, 554.8046875, 86.4012451171875]",59.081081089449995,635.9428487387307,0.9989458918571472,65_png.rf.35c650240b90c4a4281649fdb24d2c1a.jpg
2,1,Garage,"[422.33648681640625, 203.67550659179688, 472.42767333984375, 261.4307861328125]",103.37217191952499,1112.687721324575,0.9961904287338257,65_png.rf.35c650240b90c4a4281649fdb24d2c1a.jpg
3,2,House,"[634.4576416015625, 64.74464416503906, 690.449951171875, 162.65505981445312]",203.9835456573,2195.658487100611,0.9938400387763977,65_png.rf.35c650240b90c4a4281649fdb24d2c1a.jpg
5,1,Garage,"[566.4481811523438, 342.12103271484375, 635.1264038085938, 409.064697265625]",169.82852815164998,1828.017294171545,0.9750397205352783,65_png.rf.35c650240b90c4a4281649fdb24d2c1a.jpg
