object_id,class_id,class_name,bbox,area_m2,area_ft2,score,file
0,1,Garage,"[711.9842529296875, 1200.41748046875, 742.9661865234375, 1246.84814453125]",46.14476960925,496.69768559700606,0.9862543344497681,672_jpg.rf.1ec9fc61a39300cedeb69dbd2b8f4d99.jpg
2,2,House,"[935.474365234375, 1238.0096435546875, 1004.4437255859375, 1250.9117431640625]",15.421029843774999,165.9904231354097,0.8718351721763611,672_jpg.rf.1ec9fc61a39300cedeb69dbd2b8f4d99.jpg
3,2,House,"[0.29917287826538086, 1264.1754150390625, 10.998659133911133, 1280.0]",5.7976761816749995,62.40560665193153,0.8184613585472107,672_jpg.rf.1ec9fc61a39300cedeb69dbd2b8f4d99.jpg
4,2,House,"[0.3178234100341797, 1265.2374267578125, 14.726213455200195, 1279.9156494140625]",6.1131959738749995,65.8018301431931,0.6082959175109863,672_jpg.rf.1ec9fc61a39300cedeb69dbd2b8f4d99.jpg
