object_id,class_id,class_name,bbox,area_m2,area_ft2,score,file
0,2,House,"[1243.8375244140625, 505.3143005371094, 1279.5628662109375, 565.853759765625]",80.181467192825,863.0652947168489,0.9995971322059631,676_jpg.rf.ac8b425900a96a55aea3869468ddf6a8.jpg
