object_id,class_id,class_name,bbox,area_m2,area_ft2,score,file
0,2,House,"[214.728271484375, 568.8303833007812, 280.86212158203125, 632.9751586914062]",152.63269947675,1642.923113897789,0.999643087387085,688_jpg.rf.cda96e0ac738028c1895138fb567299f.jpg
1,1,Garage,"[309.8612060546875, 663.0520629882812, 353.04681396484375, 697.0348510742188]",45.553169998875,490.3297665508906,0.9994513392448425,688_jpg.rf.cda96e0ac738028c1895138fb567299f.jpg
