object_id,class_id,class_name,bbox,area_m2,area_ft2,score,file
0,2,House,"[34.97580337524414, 0.4595069885253906, 99.570068359375, 93.3623046875]",211.5560206701,2277.1678508908894,0.99922776222229,6_png.rf.eb2cd688ebcb8a800057b7d507fa5ddc.jpg
1,2,House,"[331.91326904296875, 57.37774658203125, 431.38262939453125, 188.07073974609375]",253.40183311062498,2727.591991419456,0.9950796365737915,6_png.rf.eb2cd688ebcb8a800057b7d507fa5ddc.jpg
2,1,Garage,"[151.56239318847656, 52.49091720581055, 179.14747619628906, 121.62916564941406]",58.410601531024994,628.7258738197999,0.8320527672767639,6_png.rf.eb2cd688ebcb8a800057b7d507fa5ddc.jpg
