object_id,class_id,class_name,bbox,area_m2,area_ft2,score,file
9,2,House,"[200.9511260986328, 1020.3219604492188, 276.3896484375, 1139.2626953125]",206.27106415075,2220.281107412258,0.9694716930389404,713_jpg.rf.e9f6b64dcd9970df17fa02c6a841ce5f.jpg
11,1,Garage,"[284.3780822753906, 991.75244140625, 371.1064758300781, 1107.544921875]",257.66135030532496,2773.4410085514874,0.9646224975585938,713_jpg.rf.e9f6b64dcd9970df17fa02c6a841ce5f.jpg
14,2,House,"[645.3214721679688, 636.59326171875, 682.5103149414062, 705.142333984375]",62.985638517925,677.9711144430928,0.8559565544128418,713_jpg.rf.e9f6b64dcd9970df17fa02c6a841ce5f.jpg
18,1,Garage,"[572.875244140625, 651.1730346679688, 606.83544921875, 719.9605102539062]",62.315158959499996,670.7541395241619,0.721839964389801,713_jpg.rf.e9f6b64dcd9970df17fa02c6a841ce5f.jpg
