object_id,class_id,class_name,bbox,area_m2,area_ft2,score,file
0,2,House,"[113.07772827148438, 684.8300170898438, 214.3753662109375, 748.0453491210938]",183.59307908637498,1976.1775439778316,0.9996809959411621,723_jpg.rf.67e79f6706b9f8aab1ed08922d4d3fae.jpg
2,1,Garage,"[1199.5400390625, 272.52069091796875, 1256.701416015625, 347.68798828125]",159.10085521685,1712.5456954686515,0.9799143671989441,723_jpg.rf.67e79f6706b9f8aab1ed08922d4d3fae.jpg
3,2,House,"[629.1565551757812, 402.07696533203125, 731.5687866210938, 449.32611083984375]",125.4191173995,1349.998837776478,0.8817262649536133,723_jpg.rf.67e79f6706b9f8aab1ed08922d4d3fae.jpg
5,1,Garage,"[289.57843017578125, 582.5817260742188, 361.716552734375, 643.1497192382812]",140.32742758095,1510.4703977385877,0.760313868522644,723_jpg.rf.67e79f6706b9f8aab1ed08922d4d3fae.jpg
