object_id,class_id,class_name,bbox,area_m2,area_ft2,score,file
0,2,House,"[99.28799438476562, 707.9155883789062, 160.58438110351562, 791.7869262695312]",137.7243892953,1482.4515539356796,0.9997043013572693,725_jpg.rf.531692ea9550c29f19a6a2f7a1f84a4b.jpg
1,2,House,"[780.1578369140625, 1028.886962890625, 858.7833251953125, 1127.98876953125]",174.048605372325,1873.441783367169,0.9996846914291382,725_jpg.rf.531692ea9550c29f19a6a2f7a1f84a4b.jpg
2,2,House,"[176.3756561279297, 114.943603515625, 250.18211364746094, 168.57034301757812]",137.44830947712498,1479.4798583808256,0.9996113181114197,725_jpg.rf.531692ea9550c29f19a6a2f7a1f84a4b.jpg
3,2,House,"[240.35202026367188, 281.3192443847656, 301.2382507324219, 358.7387390136719]",129.5208746981,1394.1497431628784,0.999254047870636,725_jpg.rf.531692ea9550c29f19a6a2f7a1f84a4b.jpg
4,1,Garage,"[732.8468627929688, 1140.515869140625, 828.9100952148438, 1222.14697265625]",182.29155994355,1962.1681220763778,0.9980496168136597,725_jpg.rf.531692ea9550c29f19a6a2f7a1f84a4b.jpg
