object_id,class_id,class_name,bbox,area_m2,area_ft2,score,file
0,2,House,"[958.7201538085938, 318.0362854003906, 1057.920654296875, 391.8282165527344]",224.80785194249998,2419.8092375238753,0.9998317956924438,736_jpg.rf.f3954dcde7c590498224714b6e4c3659.jpg
1,1,Garage,"[1193.242919921875, 674.3344116210938, 1240.054931640625, 719.7811889648438]",70.8341933489,762.4521737882247,0.9996227025985718,736_jpg.rf.f3954dcde7c590498224714b6e4c3659.jpg
2,2,House,"[1156.3475341796875, 736.2863159179688, 1236.7103271484375, 792.7044067382812]",168.72420887894998,1816.1305119521296,0.9993574023246765,736_jpg.rf.f3954dcde7c590498224714b6e4c3659.jpg
3,2,House,"[360.8811340332031, 775.5759887695312, 445.5156555175781, 870.3032836914062]",288.0695702786,3100.7520475218225,0.9982348680496216,736_jpg.rf.f3954dcde7c590498224714b6e4c3659.jpg
5,2,House,"[981.145751953125, 640.2122802734375, 1091.588134765625, 776.9451904296875]",384.894706509975,4142.968131402719,0.9967923760414124,736_jpg.rf.f3954dcde7c590498224714b6e4c3659.jpg
11,1,Garage,"[1120.0899658203125, 1017.6657104492188, 1154.6265869140625, 1049.6754150390625]",37.94125501205,408.39587482420495,0.9094407558441162,736_jpg.rf.f3954dcde7c590498224714b6e4c3659.jpg
16,2,House,"[579.330078125, 841.3388061523438, 596.784423828125, 879.4929809570312]",24.492223869525,263.63184850918014,0.5149862766265869,736_jpg.rf.f3954dcde7c590498224714b6e4c3659.jpg
