object_id,class_id,class_name,bbox,area_m2,area_ft2,score,file
0,2,House,"[851.85302734375, 308.4930114746094, 939.6585693359375, 377.3074035644531]",139.104788386175,1497.3100317099488,0.9997753500938416,74_jpg.rf.b3ed97b8fb53ab5bd329e62f0454fdc1.jpg
1,2,House,"[1236.9388427734375, 110.47052001953125, 1278.6466064453125, 161.4710693359375]",79.077147920125,851.1785124974334,0.9997712969779968,74_jpg.rf.b3ed97b8fb53ab5bd329e62f0454fdc1.jpg
2,2,House,"[60.043983459472656, 222.3070526123047, 123.71942901611328, 302.38092041015625]",130.822393840925,1408.1591650643327,0.9993008375167847,74_jpg.rf.b3ed97b8fb53ab5bd329e62f0454fdc1.jpg
