object_id,class_id,class_name,bbox,area_m2,area_ft2,score,file
1,2,House,"[0.5835208892822266, 115.57353973388672, 28.418428421020508, 160.7730712890625]",44.88269044045,483.11279163195974,0.9994930028915405,75_jpg.rf.bb288f71c4451d66c29154eeadc29cce.jpg
4,2,House,"[761.8456420898438, 272.5459899902344, 834.0818481445312, 356.5116882324219]",127.272796178675,1369.9516507876397,0.9984723925590515,75_jpg.rf.bb288f71c4451d66c29154eeadc29cce.jpg
