object_id,class_id,class_name,bbox,area_m2,area_ft2,score,file
0,2,House,"[156.40345764160156, 365.8857421875, 226.0989227294922, 444.5948486328125]",135.634070671975,1459.9515733060716,0.9996750354766846,76_jpg.rf.3c42536773769ef88a7fc68f64ce2a51.jpg
