object_id,class_id,class_name,bbox,area_m2,area_ft2,score,file
0,2,House,"[75.78441619873047, 413.81622314453125, 208.68624877929688, 507.74700927734375]",257.85855017545,2775.563648233526,0.9998308420181274,789_jpg.rf.7be879d4f0f52f5e701a04a2854ccf8a.jpg
