object_id,class_id,class_name,bbox,area_m2,area_ft2,score,file
0,2,House,"[942.9005737304688, 249.8029022216797, 1024.6492919921875, 335.00164794921875]",143.83758526917498,1548.2533840788726,0.9997760653495789,791_jpg.rf.bf7fa2fd1eee58eb9ce2f37c615e3ae7.jpg
1,2,House,"[632.2771606445312, 117.1865234375, 731.7416381835938, 184.51141357421875]",168.3298091387,1811.8852325880528,0.9997326731681824,791_jpg.rf.bf7fa2fd1eee58eb9ce2f37c615e3ae7.jpg
2,2,House,"[985.2675170898438, 768.2080688476562, 1047.5338134765625, 850.3468627929688]",140.682387347175,1514.291149166257,0.999657154083252,791_jpg.rf.bf7fa2fd1eee58eb9ce2f37c615e3ae7.jpg
3,2,House,"[481.8612976074219, 353.1201477050781, 557.3857421875, 438.5932922363281]",158.2331757883,1703.2060808676824,0.9996392726898193,791_jpg.rf.bf7fa2fd1eee58eb9ce2f37c615e3ae7.jpg
4,2,House,"[982.9525756835938, 477.9983825683594, 1046.491455078125, 555.9863891601562]",135.9890304382,1463.7723247337408,0.9995445609092712,791_jpg.rf.bf7fa2fd1eee58eb9ce2f37c615e3ae7.jpg
5,2,House,"[640.8427124023438, 830.4434814453125, 727.1819458007812, 917.2225341796875]",139.578068074475,1502.4043669468415,0.9994308352470398,791_jpg.rf.bf7fa2fd1eee58eb9ce2f37c615e3ae7.jpg
6,2,House,"[558.4192504882812, 623.26318359375, 617.4854125976562, 693.240966796875]",118.79320176329999,1278.6781444599847,0.999338686466217,791_jpg.rf.bf7fa2fd1eee58eb9ce2f37c615e3ae7.jpg
