object_id,class_id,class_name,bbox,area_m2,area_ft2,score,file
0,2,House,"[780.2816162109375, 39.69891357421875, 867.3460693359375, 90.970703125]",151.883339970275,1634.8570831060429,0.9997931122779846,792_jpg.rf.68ab46278650aef97dd627778ba637d9.jpg
1,2,House,"[922.7974853515625, 448.31549072265625, 982.6055908203125, 523.8093872070312]",144.941904541875,1560.1401662982882,0.9997761845588684,792_jpg.rf.68ab46278650aef97dd627778ba637d9.jpg
2,2,House,"[904.4083862304688, 730.01904296875, 989.2332153320312, 823.10400390625]",174.206365268425,1875.1398951127999,0.9997038245201111,792_jpg.rf.68ab46278650aef97dd627778ba637d9.jpg
3,2,House,"[595.1236572265625, 428.00872802734375, 681.3555908203125, 511.2037353515625]",137.80326924335,1483.300609808495,0.9996742010116577,792_jpg.rf.68ab46278650aef97dd627778ba637d9.jpg
4,2,House,"[960.9884643554688, 217.48550415039062, 1023.6073608398438, 299.9381408691406]",167.97484937247498,1808.0644811603834,0.9996668100357056,792_jpg.rf.68ab46278650aef97dd627778ba637d9.jpg
5,2,House,"[281.71722412109375, 1199.09228515625, 336.269287109375, 1275.292724609375]",150.542380853425,1620.4231332681811,0.9996426105499268,792_jpg.rf.68ab46278650aef97dd627778ba637d9.jpg
6,2,House,"[601.7512817382812, 701.3181762695312, 669.5795288085938, 782.2313842773438]",183.829718930525,1978.7247115962778,0.999599039554596,792_jpg.rf.68ab46278650aef97dd627778ba637d9.jpg
7,2,House,"[608.36962890625, 199.69639587402344, 663.807373046875, 278.03814697265625]",152.8693393209,1645.4702815162354,0.9995577931404114,792_jpg.rf.68ab46278650aef97dd627778ba637d9.jpg
8,2,House,"[593.0076904296875, 1216.978759765625, 642.9892578125, 1263.607421875]",84.48042436154999,909.338839785288,0.999245285987854,792_jpg.rf.68ab46278650aef97dd627778ba637d9.jpg
