object_id,class_id,class_name,bbox,area_m2,area_ft2,score,file
0,2,House,"[661.603515625, 326.89422607421875, 743.2613525390625, 383.96002197265625]",118.990401633425,1280.8007841420233,0.9996371269226074,7_png.rf.3ea371d460c397faf11ca14aa0a14b40.jpg
1,2,House,"[262.76788330078125, 128.5025177001953, 449.59820556640625, 223.6869659423828]",438.29643133982495,4717.778957298741,0.9996318817138672,7_png.rf.3ea371d460c397faf11ca14aa0a14b40.jpg
2,1,Garage,"[451.3304748535156, 422.48895263671875, 511.0146789550781, 461.18292236328125]",86.25522319267499,928.4425969236343,0.9952223896980286,7_png.rf.3ea371d460c397faf11ca14aa0a14b40.jpg
3,2,House,"[228.4757080078125, 415.22137451171875, 286.658203125, 457.5020751953125]",93.82769820547499,1009.9519607139122,0.9931398034095764,7_png.rf.3ea371d460c397faf11ca14aa0a14b40.jpg
5,2,House,"[15.193222045898438, 377.6517639160156, 141.1178436279297, 452.3633728027344]",339.459856433175,3653.911948661052,0.8428172469139099,7_png.rf.3ea371d460c397faf11ca14aa0a14b40.jpg
6,1,Garage,"[171.32135009765625, 240.80206298828125, 273.14031982421875, 301.04656982421875]",239.834482046025,2581.5543812952083,0.8427607417106628,7_png.rf.3ea371d460c397faf11ca14aa0a14b40.jpg
8,1,Garage,"[169.69349670410156, 312.4385070800781, 197.68565368652344, 335.5613708496094]",22.8751849345,246.22620311646452,0.5165566802024841,7_png.rf.3ea371d460c397faf11ca14aa0a14b40.jpg
