object_id,class_id,class_name,bbox,area_m2,area_ft2,score,file
0,2,House,"[240.94171142578125, 632.1338500976562, 313.40606689453125, 688.4680786132812]",137.64550934725,1481.6024980628642,0.9997257590293884,850_jpg.rf.4c27251318335779c62a34635948b3ce.jpg
1,2,House,"[1074.442626953125, 942.9297485351562, 1147.150634765625, 998.3372192382812]",124.038718308625,1335.1403600022086,0.9997223019599915,850_jpg.rf.4c27251318335779c62a34635948b3ce.jpg
2,2,House,"[1100.6429443359375, 1184.6275634765625, 1203.6519775390625, 1238.9178466796875]",206.42882404685,2221.9792191578886,0.9983905553817749,850_jpg.rf.4c27251318335779c62a34635948b3ce.jpg
3,1,Garage,"[961.9486083984375, 1130.5596923828125, 1027.1556396484375, 1182.1827392578125]",122.934399035925,1323.253577782793,0.9972708821296692,850_jpg.rf.4c27251318335779c62a34635948b3ce.jpg
4,2,House,"[162.11984252929688, 1043.8184814453125, 257.7319641113281, 1096.7989501953125]",183.4747591643,1974.9039601686086,0.995028555393219,850_jpg.rf.4c27251318335779c62a34635948b3ce.jpg
5,1,Garage,"[981.8111572265625, 1047.5869140625, 1025.4542236328125, 1110.35986328125]",94.89257750415,1021.4142149969201,0.8157246708869934,850_jpg.rf.4c27251318335779c62a34635948b3ce.jpg
