object_id,class_id,class_name,bbox,area_m2,area_ft2,score,file
0,2,House,"[698.4570922851562, 108.73295593261719, 797.8931274414062, 178.6127166748047]",174.44300511257498,1877.6870627312458,0.9998747110366821,854_jpg.rf.d79b68715276b381362143d13d437d42.jpg
1,2,House,"[994.3826293945312, 385.9347229003906, 1091.5758056640625, 457.1552429199219]",166.79165015172498,1795.3286430681524,0.9998682737350464,854_jpg.rf.d79b68715276b381362143d13d437d42.jpg
2,2,House,"[1223.9205322265625, 870.712158203125, 1279.2232666015625, 919.035400390625]",96.43073649112499,1037.9708045168202,0.9998555183410645,854_jpg.rf.d79b68715276b381362143d13d437d42.jpg
3,2,House,"[490.31103515625, 492.6617431640625, 547.55712890625, 565.9700927734375]",126.089596957925,1357.2158126954089,0.999765932559967,854_jpg.rf.d79b68715276b381362143d13d437d42.jpg
4,2,House,"[1031.321533203125, 58.46161651611328, 1101.6943359375, 118.75215911865234]",114.13928482835,1228.5838479638765,0.9997617602348328,854_jpg.rf.d79b68715276b381362143d13d437d42.jpg
5,2,House,"[776.8472900390625, 394.06976318359375, 843.65234375, 491.13433837890625]",162.49269298299998,1749.0550979997136,0.9996893405914307,854_jpg.rf.d79b68715276b381362143d13d437d42.jpg
6,2,House,"[962.7740478515625, 618.3483276367188, 1017.3746337890625, 675.6442260742188]",93.47273843925,1006.131209286243,0.9996587038040161,854_jpg.rf.d79b68715276b381362143d13d437d42.jpg
7,2,House,"[510.9945068359375, 1041.729248046875, 588.48291015625, 1102.63330078125]",116.93952298412499,1258.725331448823,0.9992986917495728,854_jpg.rf.d79b68715276b381362143d13d437d42.jpg
8,2,House,"[228.352783203125, 512.4720458984375, 280.3363037109375, 562.5118408203125]",74.38379101115,800.6596880649174,0.9985314607620239,854_jpg.rf.d79b68715276b381362143d13d437d42.jpg
