object_id,class_id,class_name,bbox,area_m2,area_ft2,score,file
0,2,House,"[818.2284545898438, 709.8989868164062, 909.4926147460938, 776.3270874023438]",146.63782342495,1578.3948675638192,0.9997459053993225,86_jpg.rf.d9c81ed538c74dc4e28b4661eae5354b.jpg
1,2,House,"[1224.660888671875, 267.01995849609375, 1279.2451171875, 326.85296630859375]",87.32010249135,939.9048512066422,0.9997186064720154,86_jpg.rf.d9c81ed538c74dc4e28b4661eae5354b.jpg
2,2,House,"[322.74237060546875, 245.9592742919922, 413.68695068359375, 315.14923095703125]",147.74214269765,1590.2816497832348,0.9996466636657715,86_jpg.rf.d9c81ed538c74dc4e28b4661eae5354b.jpg
3,2,House,"[1203.28857421875, 722.1615600585938, 1278.843994140625, 792.4503784179688]",132.32111285387498,1424.291226647825,0.9996278285980225,86_jpg.rf.d9c81ed538c74dc4e28b4661eae5354b.jpg
4,2,House,"[338.5270080566406, 702.98291015625, 430.2983093261719, 785.6644287109375]",149.2408617106,1606.4137113667273,0.9995507597923279,86_jpg.rf.d9c81ed538c74dc4e28b4661eae5354b.jpg
5,2,House,"[793.639892578125, 246.75082397460938, 879.636962890625, 327.6899719238281]",145.06022446395,1561.4137501075113,0.9995315074920654,86_jpg.rf.d9c81ed538c74dc4e28b4661eae5354b.jpg
