object_id,class_id,class_name,bbox,area_m2,area_ft2,score,file
0,2,House,"[0.0, 846.5992431640625, 35.661773681640625, 944.3209228515625]",103.88489158185,1118.2065844978752,0.9996345043182373,888_jpg.rf.c1368e8b0c10952bc2f14ccce805efad.jpg
1,2,House,"[922.6251220703125, 74.732666015625, 1056.7469482421875, 136.4112548828125]",237.862483344775,2560.3279844748236,0.9994165897369385,888_jpg.rf.c1368e8b0c10952bc2f14ccce805efad.jpg
2,2,House,"[1247.8367919921875, 615.406982421875, 1279.6539306640625, 674.833251953125]",59.909320543975,644.8579354032925,0.9991794228553772,888_jpg.rf.c1368e8b0c10952bc2f14ccce805efad.jpg
4,2,House,"[473.3387145996094, 857.0152587890625, 587.6163330078125, 1013.6558837890625]",597.9100062189999,6435.843515940693,0.9935389161109924,888_jpg.rf.c1368e8b0c10952bc2f14ccce805efad.jpg
5,1,Garage,"[639.383544921875, 804.7031860351562, 694.15478515625, 849.7214965820312]",89.094901322475,959.0086083449886,0.9844095706939697,888_jpg.rf.c1368e8b0c10952bc2f14ccce805efad.jpg
6,2,House,"[0.78070068359375, 529.3526000976562, 57.74154281616211, 728.0164184570312]",344.27153326422496,3705.704356902791,0.9796125888824463,888_jpg.rf.c1368e8b0c10952bc2f14ccce805efad.jpg
