object_id,class_id,class_name,bbox,area_m2,area_ft2,score,file
0,2,House,"[767.1189575195312, 558.1183471679688, 826.7927856445312, 633.6653442382812]",132.99159241229998,1431.5082015667556,0.9995681643486023,897_jpg.rf.3e709657757456076886d7e3206a03e3.jpg
1,2,House,"[780.842041015625, 890.188720703125, 830.718994140625, 956.8516845703125]",114.33648469847499,1230.7064876459149,0.9987803101539612,897_jpg.rf.3e709657757456076886d7e3206a03e3.jpg
2,2,House,"[227.09632873535156, 188.89398193359375, 308.9216003417969, 275.2168273925781]",110.51080721804999,1189.5272778143683,0.9982421398162842,897_jpg.rf.3e709657757456076886d7e3206a03e3.jpg
3,2,House,"[395.9372863769531, 567.4036254882812, 456.8254699707031, 624.0283813476562]",73.240031764425,788.3483779090942,0.9971252083778381,897_jpg.rf.3e709657757456076886d7e3206a03e3.jpg
