object_id,class_id,class_name,bbox,area_m2,area_ft2,score,file
0,2,House,"[556.7605590820312, 174.81719970703125, 625.2998657226562, 338.18408203125]",317.25515105709997,3414.902720463518,0.9993564486503601,8_png.rf.495432f82a072c52ab4ed003c73bfc0d.jpg
1,1,Garage,"[537.44775390625, 65.13945007324219, 597.2664794921875, 106.76565551757812]",92.36841916655,994.2444270668275,0.9830209016799927,8_png.rf.495432f82a072c52ab4ed003c73bfc0d.jpg
2,1,Garage,"[741.9146118164062, 4.801614761352539, 817.7748413085938, 57.355445861816406]",155.51181758057498,1673.913653255551,0.9689526557922363,8_png.rf.495432f82a072c52ab4ed003c73bfc0d.jpg
3,2,House,"[741.0836181640625, 100.21035766601562, 836.857666015625, 134.96275329589844]",132.084473009725,1421.7440590293788,0.9446733593940735,8_png.rf.495432f82a072c52ab4ed003c73bfc0d.jpg
