object_id,class_id,class_name,bbox,area_m2,area_ft2,score,file
0,2,House,"[439.2896728515625, 0.07476329803466797, 489.05767822265625, 24.54885482788086]",44.8038104924,482.2637357591443,0.9998729228973389,902_jpg.rf.936419f73c527a32b02feedabd276b97.jpg
1,2,House,"[397.046630859375, 694.9400024414062, 470.35760498046875, 760.1310424804688]",126.8389564644,1365.2818434871551,0.9997649788856506,902_jpg.rf.936419f73c527a32b02feedabd276b97.jpg
2,2,House,"[156.9127197265625, 833.79833984375, 232.69024658203125, 910.0242919921875]",121.43568002297499,1307.1215161993005,0.9996077418327332,902_jpg.rf.936419f73c527a32b02feedabd276b97.jpg
3,2,House,"[342.027587890625, 1194.4742431640625, 419.5556640625, 1270.9017333984375]",120.52856062039999,1297.3573736619232,0.9996035695075989,902_jpg.rf.936419f73c527a32b02feedabd276b97.jpg
4,2,House,"[615.1023559570312, 974.7276000976562, 690.1979370117188, 1051.51611328125]",134.687511295375,1449.762902832287,0.99957674741745,902_jpg.rf.936419f73c527a32b02feedabd276b97.jpg
5,2,House,"[1057.7559814453125, 588.6480712890625, 1153.4534912109375, 690.0760498046875]",172.51044638534998,1856.8851938472685,0.9994822144508362,902_jpg.rf.936419f73c527a32b02feedabd276b97.jpg
