object_id,class_id,class_name,bbox,area_m2,area_ft2,score,file
0,2,House,"[1207.1048583984375, 27.752073287963867, 1259.3907470703125, 78.36664581298828]",101.7551329845,1095.2820759318595,0.9997872710227966,904_jpg.rf.f3d76c1fbfe38234ce320319f25b1688.jpg
1,2,House,"[210.7910614013672, 642.7846069335938, 264.0936279296875, 699.0414428710938]",113.78432506212499,1224.763096536207,0.9997325539588928,904_jpg.rf.f3d76c1fbfe38234ce320319f25b1688.jpg
2,2,House,"[72.89759826660156, 95.14141845703125, 166.1588134765625, 149.23175048828125]",183.23811932015,1972.3567925501625,0.9996339082717896,904_jpg.rf.f3d76c1fbfe38234ce320319f25b1688.jpg
3,2,House,"[651.0780639648438, 0.0, 714.0133666992188, 49.49812316894531]",84.99314402387499,914.857702958588,0.9995974898338318,904_jpg.rf.f3d76c1fbfe38234ce320319f25b1688.jpg
4,2,House,"[183.19561767578125, 1213.71240234375, 254.16397094726562, 1280.0]",106.8034496597,1149.6216517920448,0.9995038509368896,904_jpg.rf.f3d76c1fbfe38234ce320319f25b1688.jpg
5,2,House,"[529.4962768554688, 479.6383056640625, 600.0977172851562, 550.881103515625]",109.16984810119999,1175.0933279765065,0.9993444085121155,904_jpg.rf.f3d76c1fbfe38234ce320319f25b1688.jpg
6,2,House,"[186.27371215820312, 954.6812133789062, 258.485595703125, 1034.5224609375]",112.24616607515,1208.2065070163071,0.9993316531181335,904_jpg.rf.f3d76c1fbfe38234ce320319f25b1688.jpg
7,2,House,"[523.58935546875, 1084.9842529296875, 593.78857421875, 1157.6485595703125]",109.6431277895,1180.187663213399,0.9983206391334534,904_jpg.rf.f3d76c1fbfe38234ce320319f25b1688.jpg
11,2,House,"[527.8023681640625, 804.2122802734375, 596.345947265625, 875.2288818359375]",104.63425108832499,1126.2726152896214,0.989159882068634,904_jpg.rf.f3d76c1fbfe38234ce320319f25b1688.jpg
