object_id,class_id,class_name,bbox,area_m2,area_ft2,score,file
0,2,House,"[472.44696044921875, 533.4437866210938, 555.4672241210938, 606.9555053710938]",130.427994100675,1403.9138857002556,0.9997891783714294,909_jpg.rf.d790ad3c5da8386c1c88a8062ea05b5d.jpg
