object_id,class_id,class_name,bbox,area_m2,area_ft2,score,file
0,2,House,"[858.4486694335938, 915.642333984375, 921.1032104492188, 997.6739501953125]",155.19629778837498,1670.5174297642893,0.9994632601737976,910_jpg.rf.9c6f2c5527bee3897643d4501a159c0f.jpg
1,2,House,"[124.58073425292969, 672.6439819335938, 227.6478729248047, 729.2503051757812]",167.738209528325,1805.5173135419375,0.9993554949760437,910_jpg.rf.9c6f2c5527bee3897643d4501a159c0f.jpg
2,2,House,"[924.52490234375, 247.16543579101562, 980.7518310546875, 319.6262512207031]",131.33511350325,1413.6780282376326,0.9991301894187927,910_jpg.rf.9c6f2c5527bee3897643d4501a159c0f.jpg
3,2,House,"[314.53216552734375, 145.33120727539062, 362.59967041015625, 213.93338012695312]",103.41161189354999,1113.1122492609827,0.9988405108451843,910_jpg.rf.9c6f2c5527bee3897643d4501a159c0f.jpg
4,2,House,"[869.7816772460938, 490.29034423828125, 941.9695434570312, 555.5126342773438]",109.91920760767499,1183.1593587682528,0.9986469149589539,910_jpg.rf.9c6f2c5527bee3897643d4501a159c0f.jpg
