object_id,class_id,class_name,bbox,area_m2,area_ft2,score,file
0,2,House,"[1248.7274169921875, 551.4638671875, 1279.6585693359375, 601.971435546875]",53.441164803875,575.2353538324301,0.9998261332511902,921_jpg.rf.836a2aecacfd2c3179c1854bcdac7ac4.jpg
1,2,House,"[675.2682495117188, 40.793731689453125, 744.8952026367188, 90.51416015625]",125.85295711377499,1354.6686450769625,0.9998113512992859,921_jpg.rf.836a2aecacfd2c3179c1854bcdac7ac4.jpg
2,2,House,"[740.8927001953125, 870.6124877929688, 829.6607666015625, 978.5737915039062]",188.72027570962499,2031.3661757108323,0.9997426867485046,921_jpg.rf.836a2aecacfd2c3179c1854bcdac7ac4.jpg
3,2,House,"[206.49642944335938, 16.690710067749023, 275.71282958984375, 67.81449127197266]",132.39999280192498,1425.1402825206403,0.9996641874313354,921_jpg.rf.836a2aecacfd2c3179c1854bcdac7ac4.jpg
4,2,House,"[301.8988952636719, 989.4783935546875, 388.2962341308594, 1076.0152587890625]",140.287987606925,1510.0458698021798,0.9995583891868591,921_jpg.rf.836a2aecacfd2c3179c1854bcdac7ac4.jpg
8,1,Garage,"[373.3926696777344, 19.846145629882812, 421.8672790527344, 87.45508575439453]",126.44455672414999,1361.036564123078,0.988295316696167,921_jpg.rf.836a2aecacfd2c3179c1854bcdac7ac4.jpg
9,2,House,"[1258.9718017578125, 30.492856979370117, 1279.6204833984375, 72.09225463867188]",27.568541843475,296.74502754898054,0.9729955196380615,921_jpg.rf.836a2aecacfd2c3179c1854bcdac7ac4.jpg
