object_id,class_id,class_name,bbox,area_m2,area_ft2,score,file
0,2,House,"[938.6452026367188, 516.5242309570312, 991.6780395507812, 565.9717407226562]",95.87857685477499,1032.0274134071126,0.9999080896377563,925_jpg.rf.67ea1e80dd45ab372c80bb8bf231a30d.jpg
1,2,House,"[218.5862274169922, 93.05386352539062, 281.30096435546875, 145.32711791992188]",114.099844854325,1228.1593200274688,0.99988853931427,925_jpg.rf.67ea1e80dd45ab372c80bb8bf231a30d.jpg
2,2,House,"[710.14404296875, 502.8089294433594, 763.658447265625, 550.955078125]",94.695377634025,1019.2915753148816,0.9998241066932678,925_jpg.rf.67ea1e80dd45ab372c80bb8bf231a30d.jpg
3,2,House,"[464.8215637207031, 501.9482421875, 518.392822265625, 550.5614013671875]",96.50961643917499,1038.8198603896356,0.9997451901435852,925_jpg.rf.67ea1e80dd45ab372c80bb8bf231a30d.jpg
4,2,House,"[756.2327880859375, 152.23301696777344, 820.03076171875, 199.1061553955078]",110.708007088175,1191.6499174964067,0.9996311664581299,925_jpg.rf.67ea1e80dd45ab372c80bb8bf231a30d.jpg
7,2,House,"[453.0419921875, 140.75393676757812, 526.6466064453125, 177.2550048828125]",94.379857841825,1015.8953518236201,0.9832438826560974,925_jpg.rf.67ea1e80dd45ab372c80bb8bf231a30d.jpg
