object_id,class_id,class_name,bbox,area_m2,area_ft2,score,file
0,2,House,"[1111.1019287109375, 993.4927978515625, 1172.1849365234375, 1072.2703857421875]",134.214231607075,1444.6685675953945,0.9998194575309753,930_jpg.rf.17cffbe713bf352de13ae7a1f3637dc7.jpg
1,2,House,"[155.32977294921875, 684.658935546875, 222.06964111328125, 758.8450927734375]",127.509436022825,1372.498818406086,0.9997114539146423,930_jpg.rf.17cffbe713bf352de13ae7a1f3637dc7.jpg
2,2,House,"[711.6519165039062, 692.8621826171875, 770.7068481445312, 760.7435302734375]",107.27672934799999,1154.715987028937,0.9997102618217468,930_jpg.rf.17cffbe713bf352de13ae7a1f3637dc7.jpg
3,2,House,"[697.359130859375, 249.5637664794922, 776.8128662109375, 314.9210205078125]",136.1467903343,1465.4704364793715,0.9996905326843262,930_jpg.rf.17cffbe713bf352de13ae7a1f3637dc7.jpg
4,2,House,"[1025.673583984375, 627.686279296875, 1080.412841796875, 696.5849609375]",107.631689114225,1158.5367384566064,0.9996875524520874,930_jpg.rf.17cffbe713bf352de13ae7a1f3637dc7.jpg
5,2,House,"[208.06307983398438, 902.5528564453125, 266.2798156738281, 964.190185546875]",99.191534672875,1067.687760065359,0.9996041655540466,930_jpg.rf.17cffbe713bf352de13ae7a1f3637dc7.jpg
6,2,House,"[270.9248046875, 1181.37939453125, 333.3782958984375, 1258.805419921875]",130.07303433445,1400.0931342725862,0.9995902180671692,930_jpg.rf.17cffbe713bf352de13ae7a1f3637dc7.jpg
10,2,House,"[958.2534790039062, 339.0765380859375, 1021.5370483398438, 417.4901123046875]",131.88727313959998,1419.6214193473402,0.903600811958313,930_jpg.rf.17cffbe713bf352de13ae7a1f3637dc7.jpg
