object_id,class_id,class_name,bbox,area_m2,area_ft2,score,file
0,2,House,"[112.94905090332031, 672.7232666015625, 196.87403869628906, 720.521728515625]",135.3579908538,1456.9798777512178,0.9998154044151306,937_jpg.rf.d707fe786fa7ef31eade849aac3f2765.jpg
1,2,House,"[1019.229248046875, 840.016357421875, 1100.834716796875, 910.89599609375]",128.33767547735,1381.4139050706474,0.9997567534446716,937_jpg.rf.d707fe786fa7ef31eade849aac3f2765.jpg
2,2,House,"[518.3572998046875, 695.8677978515625, 614.074462890625, 742.60546875]",155.43293763252498,1673.0645973827357,0.9997169375419617,937_jpg.rf.d707fe786fa7ef31eade849aac3f2765.jpg
3,2,House,"[362.5206604003906, 1102.29150390625, 437.0595397949219, 1184.2109375]",124.1570382307,1336.4139438114316,0.9994717240333557,937_jpg.rf.d707fe786fa7ef31eade849aac3f2765.jpg
