object_id,class_id,class_name,bbox,area_m2,area_ft2,score,file
0,2,House,"[677.2437744140625, 925.2579345703125, 762.94970703125, 1008.4381103515625]",146.125103762625,1572.8760043905193,0.9998307228088379,938_jpg.rf.c235b62df19a414be2a102bc3e82470f.jpg
1,2,House,"[952.5814819335938, 570.1810302734375, 1048.1126708984375, 633.674560546875]",145.2968643081,1563.9609177259574,0.99982088804245,938_jpg.rf.c235b62df19a414be2a102bc3e82470f.jpg
2,2,House,"[341.62353515625, 1030.770263671875, 416.35028076171875, 1124.71484375]",138.631508697875,1492.2156964730568,0.9997780919075012,938_jpg.rf.c235b62df19a414be2a102bc3e82470f.jpg
3,2,House,"[77.1981201171875, 642.73046875, 155.18359375, 740.567138671875]",149.2408617106,1606.4137113667273,0.9996323585510254,938_jpg.rf.c235b62df19a414be2a102bc3e82470f.jpg
4,2,House,"[576.6724853515625, 455.98541259765625, 655.68994140625, 519.0750732421875]",127.430556074775,1371.6497625332706,0.9996300935745239,938_jpg.rf.c235b62df19a414be2a102bc3e82470f.jpg
