object_id,class_id,class_name,bbox,area_m2,area_ft2,score,file
0,2,House,"[176.56317138671875, 511.513671875, 252.52474975585938, 590.92333984375]",122.145599555425,1314.763019054639,0.9995750784873962,994_jpg.rf.4a6d009f1507175e17ff84489f5f74c9.jpg
1,2,House,"[980.344970703125, 923.0750732421875, 1040.50146484375, 1002.6829833984375]",138.631508697875,1492.2156964730568,0.999422550201416,994_jpg.rf.4a6d009f1507175e17ff84489f5f74c9.jpg
2,1,Garage,"[918.2449340820312, 997.9810791015625, 961.8495483398438, 1056.4630126953125]",83.257785166775,896.1784737566493,0.9989769458770752,994_jpg.rf.4a6d009f1507175e17ff84489f5f74c9.jpg
